{"level":"info","message":"BullMQ EventBus initialized.","timestamp":"2026-09-14T21:18:28.445Z"}
{"level":"info","message":"BullMQ EventBus initialized.","timestamp":"2026-09-14T21:19:03.643Z"}
{"level":"info","message":"BullMQ EventBus initialized.","timestamp":"2026-09-14T21:19:46.784Z"}
{"level":"info","message":"BullMQ worker connection ready.","timestamp":"2026-09-14T21:19:47.608Z"}
{"level":"info","message":"BullMQ EventBus initialized.","timestamp":"2026-09-15T02:40:40.474Z"}
{"level":"info","message":"BullMQ worker connection ready.","timestamp":"2026-09-15T02:40:41.089Z"}
{"action":"TOKEN_GENERATION","ipAddress":"unknown","level":"info","message":"AUDIT_LOG","resource":"ACCESS","status":"SUCCESS","timestamp":"2026-09-15T02:58:33.507Z","user":"user-admin-001"}
{"action":"TOKEN_GENERATION","ipAddress":"unknown","level":"info","message":"AUDIT_LOG","resource":"REFRESH","status":"SUCCESS","timestamp":"2026-09-15T02:58:33.514Z","user":"user-admin-001"}
{"action":"SESSION_CREATED","ipAddress":"unknown","level":"info","message":"AUDIT_LOG","resource":"SESSION","status":"SUCCESS","timestamp":"2026-09-15T02:58:33.540Z","user":"user-admin-001"}
{"level":"info","message":"Processing job: UserLoggedInEvent","timestamp":"2026-09-15T02:58:33.572Z"}
{"level":"info","message":"Processing job: AuditLogRequestedEvent","timestamp":"2026-09-15T02:58:33.595Z"}
{"action":"TOKEN_VERIFICATION","ipAddress":"unknown","level":"info","message":"AUDIT_LOG","resource":"ACCESS","status":"SUCCESS","timestamp":"2026-09-15T02:58:39.566Z","user":"user-admin-001"}
{"action":"GET_CURRENT_USER","ipAddress":"unknown","level":"info","message":"AUDIT_LOG","resource":"AUTH","status":"SUCCESS","timestamp":"2026-09-15T02:58:39.577Z","user":"user-admin-001"}
{"action":"PERMISSION_CHECK","ipAddress":"unknown","level":"info","message":"AUDIT_LOG","resource":"entity:create","status":"SUCCESS","timestamp":"2026-09-15T02:58:39.581Z","user":"user-admin-001"}
{"level":"info","message":"Processing job: AuditLogRequestedEvent","timestamp":"2026-09-15T02:58:39.629Z"}
{"action":"TOKEN_VERIFICATION","ipAddress":"unknown","level":"info","message":"AUDIT_LOG","resource":"ACCESS","status":"SUCCESS","timestamp":"2026-09-15T02:58:54.329Z","user":"user-admin-001"}
{"action":"GET_CURRENT_USER","ipAddress":"unknown","level":"info","message":"AUDIT_LOG","resource":"AUTH","status":"SUCCESS","timestamp":"2026-09-15T02:58:54.337Z","user":"user-admin-001"}
{"action":"PERMISSION_CHECK","ipAddress":"unknown","level":"info","message":"AUDIT_LOG","resource":"ontology:read","status":"SUCCESS","timestamp":"2026-09-15T02:58:54.339Z","user":"user-admin-001"}
{"action":"TOKEN_VERIFICATION","ipAddress":"unknown","level":"info","message":"AUDIT_LOG","resource":"ACCESS","status":"SUCCESS","timestamp":"2026-09-15T02:59:29.636Z","user":"user-admin-001"}
{"action":"GET_CURRENT_USER","ipAddress":"unknown","level":"info","message":"AUDIT_LOG","resource":"AUTH","status":"SUCCESS","timestamp":"2026-09-15T02:59:29.642Z","user":"user-admin-001"}
{"action":"PERMISSION_CHECK","ipAddress":"unknown","level":"info","message":"AUDIT_LOG","resource":"entity:create","status":"SUCCESS","timestamp":"2026-09-15T02:59:29.644Z","user":"user-admin-001"}
{"error":"Converting circular structure to JSON\n    --> starting at object with constructor 'EntityCreatedEvent'\n    |     property 'entity' -> object with constructor 'Entity'\n    |     property '_domainEvents' -> object with constructor 'Array'\n    --- index 0 closes the circle","event":"EntityCreatedEvent","level":"warn","message":"Failed to publish event to BullMQ.","stack":"TypeError: Converting circular structure to JSON\n    --> starting at object with constructor 'EntityCreatedEvent'\n    |     property 'entity' -> object with constructor 'Entity'\n    |     property '_domainEvents' -> object with constructor 'Array'\n    --- index 0 closes the circle\n    at JSON.stringify (<anonymous>)\n    at Job.asJSON (/data/data/com.termux/files/home/Connect-Africa/backend/node_modules/bullmq/dist/cjs/classes/job.js:297:24)\n    at Job.addJob (/data/data/com.termux/files/home/Connect-Africa/backend/node_modules/bullmq/dist/cjs/classes/job.js:1005:30)\n    at Job.create (/data/data/com.termux/files/home/Connect-Africa/backend/node_modules/bullmq/dist/cjs/classes/job.js:128:28)\n    at process.processTicksAndRejections (node:internal/process/task_queues:104:5)\n    at async Queue.addJob (/data/data/com.termux/files/home/Connect-Africa/backend/node_modules/bullmq/dist/cjs/classes/queue.js:193:25)\n    at async /data/data/com.termux/files/home/Connect-Africa/backend/node_modules/bullmq/dist/cjs/classes/queue.js:160:25","timestamp":"2026-09-15T02:59:29.719Z"}
{"level":"info","message":"Processing job: AuditLogRequestedEvent","timestamp":"2026-09-15T02:59:29.736Z"}
{"action":"TOKEN_VERIFICATION","ipAddress":"unknown","level":"info","message":"AUDIT_LOG","resource":"ACCESS","status":"SUCCESS","timestamp":"2026-09-15T02:59:41.051Z","user":"user-admin-001"}
{"action":"GET_CURRENT_USER","ipAddress":"unknown","level":"info","message":"AUDIT_LOG","resource":"AUTH","status":"SUCCESS","timestamp":"2026-09-15T02:59:41.057Z","user":"user-admin-001"}
{"action":"PERMISSION_CHECK","ipAddress":"unknown","level":"info","message":"AUDIT_LOG","resource":"entity:read","status":"SUCCESS","timestamp":"2026-09-15T02:59:41.060Z","user":"user-admin-001"}
{"action":"TOKEN_VERIFICATION","ipAddress":"unknown","level":"info","message":"AUDIT_LOG","resource":"ACCESS","status":"SUCCESS","timestamp":"2026-09-15T03:01:11.246Z","user":"user-admin-001"}
{"action":"GET_CURRENT_USER","ipAddress":"unknown","level":"info","message":"AUDIT_LOG","resource":"AUTH","status":"SUCCESS","timestamp":"2026-09-15T03:01:11.250Z","user":"user-admin-001"}
{"action":"PERMISSION_CHECK","ipAddress":"unknown","level":"info","message":"AUDIT_LOG","resource":"ontology:read","status":"SUCCESS","timestamp":"2026-09-15T03:01:11.252Z","user":"user-admin-001"}
{"action":"TOKEN_VERIFICATION","ipAddress":"unknown","level":"info","message":"AUDIT_LOG","resource":"ACCESS","status":"SUCCESS","timestamp":"2026-09-15T03:02:20.908Z","user":"user-admin-001"}
{"action":"GET_CURRENT_USER","ipAddress":"unknown","level":"info","message":"AUDIT_LOG","resource":"AUTH","status":"SUCCESS","timestamp":"2026-09-15T03:02:20.913Z","user":"user-admin-001"}
{"action":"PERMISSION_CHECK","ipAddress":"unknown","level":"info","message":"AUDIT_LOG","resource":"entity_type:read","status":"SUCCESS","timestamp":"2026-09-15T03:02:20.914Z","user":"user-admin-001"}
{"action":"TOKEN_VERIFICATION","ipAddress":"unknown","level":"info","message":"AUDIT_LOG","resource":"ACCESS","status":"SUCCESS","timestamp":"2026-09-15T03:02:33.481Z","user":"user-admin-001"}
{"action":"GET_CURRENT_USER","ipAddress":"unknown","level":"info","message":"AUDIT_LOG","resource":"AUTH","status":"SUCCESS","timestamp":"2026-09-15T03:02:33.486Z","user":"user-admin-001"}
{"action":"PERMISSION_CHECK","ipAddress":"unknown","level":"info","message":"AUDIT_LOG","resource":"entity_type:read","status":"SUCCESS","timestamp":"2026-09-15T03:02:33.487Z","user":"user-admin-001"}
{"action":"TOKEN_VERIFICATION","ipAddress":"unknown","level":"info","message":"AUDIT_LOG","resource":"ACCESS","status":"SUCCESS","timestamp":"2026-09-15T03:02:43.426Z","user":"user-admin-001"}
{"action":"GET_CURRENT_USER","ipAddress":"unknown","level":"info","message":"AUDIT_LOG","resource":"AUTH","status":"SUCCESS","timestamp":"2026-09-15T03:02:43.432Z","user":"user-admin-001"}
{"action":"PERMISSION_CHECK","ipAddress":"unknown","level":"info","message":"AUDIT_LOG","resource":"entity_type:read","status":"SUCCESS","timestamp":"2026-09-15T03:02:43.434Z","user":"user-admin-001"}
{"action":"TOKEN_GENERATION","ipAddress":"unknown","level":"info","message":"AUDIT_LOG","resource":"ACCESS","status":"SUCCESS","timestamp":"2026-09-15T03:07:27.948Z","user":"user-admin-001"}
{"action":"TOKEN_GENERATION","ipAddress":"unknown","level":"info","message":"AUDIT_LOG","resource":"REFRESH","status":"SUCCESS","timestamp":"2026-09-15T03:07:27.951Z","user":"user-admin-001"}
{"action":"SESSION_CREATED","ipAddress":"unknown","level":"info","message":"AUDIT_LOG","resource":"SESSION","status":"SUCCESS","timestamp":"2026-09-15T03:07:27.960Z","user":"user-admin-001"}
{"level":"info","message":"Processing job: UserLoggedInEvent","timestamp":"2026-09-15T03:07:27.974Z"}
{"level":"info","message":"Processing job: AuditLogRequestedEvent","timestamp":"2026-09-15T03:07:27.984Z"}
{"action":"TOKEN_VERIFICATION","ipAddress":"unknown","level":"info","message":"AUDIT_LOG","resource":"ACCESS","status":"SUCCESS","timestamp":"2026-09-15T03:07:31.579Z","user":"user-admin-001"}
{"action":"TOKEN_VERIFICATION","ipAddress":"unknown","level":"info","message":"AUDIT_LOG","resource":"ACCESS","status":"SUCCESS","timestamp":"2026-09-15T03:07:31.603Z","user":"user-admin-001"}
{"action":"GET_CURRENT_USER","ipAddress":"unknown","level":"info","message":"AUDIT_LOG","resource":"AUTH","status":"SUCCESS","timestamp":"2026-09-15T03:07:31.615Z","user":"user-admin-001"}
{"action":"PERMISSION_CHECK","ipAddress":"unknown","level":"info","message":"AUDIT_LOG","resource":"notification:read","status":"SUCCESS","timestamp":"2026-09-15T03:07:31.617Z","user":"user-admin-001"}
{"action":"TOKEN_VERIFICATION","ipAddress":"unknown","level":"info","message":"AUDIT_LOG","resource":"ACCESS","status":"SUCCESS","timestamp":"2026-09-15T03:07:31.627Z","user":"user-admin-001"}
{"action":"TOKEN_VERIFICATION","ipAddress":"unknown","level":"info","message":"AUDIT_LOG","resource":"ACCESS","status":"SUCCESS","timestamp":"2026-09-15T03:07:31.646Z","user":"user-admin-001"}
{"action":"GET_CURRENT_USER","ipAddress":"unknown","level":"info","message":"AUDIT_LOG","resource":"AUTH","status":"SUCCESS","timestamp":"2026-09-15T03:07:31.706Z","user":"user-admin-001"}
{"action":"GET_CURRENT_USER","ipAddress":"unknown","level":"info","message":"AUDIT_LOG","resource":"AUTH","status":"SUCCESS","timestamp":"2026-09-15T03:07:31.714Z","user":"user-admin-001"}
{"action":"PERMISSION_CHECK","ipAddress":"unknown","level":"info","message":"AUDIT_LOG","resource":"user_data:read","status":"SUCCESS","timestamp":"2026-09-15T03:07:31.716Z","user":"user-admin-001"}
{"action":"TOKEN_VERIFICATION","ipAddress":"unknown","level":"info","message":"AUDIT_LOG","resource":"ACCESS","status":"SUCCESS","timestamp":"2026-09-15T03:07:31.730Z","user":"user-admin-001"}
{"action":"GET_CURRENT_USER","ipAddress":"unknown","level":"info","message":"AUDIT_LOG","resource":"AUTH","status":"SUCCESS","timestamp":"2026-09-15T03:07:31.745Z","user":"user-admin-001"}
{"action":"PERMISSION_CHECK","ipAddress":"unknown","level":"info","message":"AUDIT_LOG","resource":"user_data:read","status":"SUCCESS","timestamp":"2026-09-15T03:07:31.748Z","user":"user-admin-001"}
{"action":"GET_CURRENT_USER","ipAddress":"unknown","level":"info","message":"AUDIT_LOG","resource":"AUTH","status":"SUCCESS","timestamp":"2026-09-15T03:07:31.758Z","user":"user-admin-001"}
{"action":"PERMISSION_CHECK","ipAddress":"unknown","level":"info","message":"AUDIT_LOG","resource":"notification:read","status":"SUCCESS","timestamp":"2026-09-15T03:07:31.761Z","user":"user-admin-001"}
{"action":"GET_READING_HISTORY","ipAddress":"unknown","level":"info","message":"AUDIT_LOG","resource":"HISTORY","status":"SUCCESS","timestamp":"2026-09-15T03:07:31.764Z","user":{"value":"user-admin-001"}}
{"action":"GET_BOOKMARKS","ipAddress":"unknown","level":"info","message":"AUDIT_LOG","resource":"BOOKMARKS","status":"SUCCESS","timestamp":"2026-09-15T03:07:31.778Z","user":{"value":"user-admin-001"}}
{"level":"info","message":"Processing job: AuditLogRequestedEvent","timestamp":"2026-09-15T03:07:31.783Z"}
{"action":"TOKEN_VERIFICATION","ipAddress":"unknown","level":"info","message":"AUDIT_LOG","resource":"ACCESS","status":"SUCCESS","timestamp":"2026-09-15T03:07:31.802Z","user":"user-admin-001"}
{"action":"TOKEN_VERIFICATION","ipAddress":"unknown","level":"info","message":"AUDIT_LOG","resource":"ACCESS","status":"SUCCESS","timestamp":"2026-09-15T03:07:31.809Z","user":"user-admin-001"}
{"action":"TOKEN_VERIFICATION","ipAddress":"unknown","level":"info","message":"AUDIT_LOG","resource":"ACCESS","status":"SUCCESS","timestamp":"2026-09-15T03:07:31.815Z","user":"user-admin-001"}
{"action":"GET_CURRENT_USER","ipAddress":"unknown","level":"info","message":"AUDIT_LOG","resource":"AUTH","status":"SUCCESS","timestamp":"2026-09-15T03:07:31.819Z","user":"user-admin-001"}
{"action":"GET_CURRENT_USER","ipAddress":"unknown","level":"info","message":"AUDIT_LOG","resource":"AUTH","status":"SUCCESS","timestamp":"2026-09-15T03:07:31.823Z","user":"user-admin-001"}
{"action":"PERMISSION_CHECK","ipAddress":"unknown","level":"info","message":"AUDIT_LOG","resource":"user_data:read","status":"SUCCESS","timestamp":"2026-09-15T03:07:31.824Z","user":"user-admin-001"}
{"action":"GET_CURRENT_USER","ipAddress":"unknown","level":"info","message":"AUDIT_LOG","resource":"AUTH","status":"SUCCESS","timestamp":"2026-09-15T03:07:31.828Z","user":"user-admin-001"}
{"action":"PERMISSION_CHECK","ipAddress":"unknown","level":"info","message":"AUDIT_LOG","resource":"user_data:read","status":"SUCCESS","timestamp":"2026-09-15T03:07:31.829Z","user":"user-admin-001"}
{"action":"GET_READING_HISTORY","ipAddress":"unknown","level":"info","message":"AUDIT_LOG","resource":"HISTORY","status":"SUCCESS","timestamp":"2026-09-15T03:07:31.835Z","user":{"value":"user-admin-001"}}
{"action":"GET_BOOKMARKS","ipAddress":"unknown","level":"info","message":"AUDIT_LOG","resource":"BOOKMARKS","status":"SUCCESS","timestamp":"2026-09-15T03:07:31.839Z","user":{"value":"user-admin-001"}}
{"level":"info","message":"Processing job: AuditLogRequestedEvent","timestamp":"2026-09-15T03:07:31.858Z"}
{"action":"TOKEN_VERIFICATION","ipAddress":"unknown","level":"info","message":"AUDIT_LOG","resource":"ACCESS","status":"SUCCESS","timestamp":"2026-09-15T03:10:54.409Z","user":"user-admin-001"}
{"action":"TOKEN_VERIFICATION","ipAddress":"unknown","level":"info","message":"AUDIT_LOG","resource":"ACCESS","status":"SUCCESS","timestamp":"2026-09-15T03:10:54.419Z","user":"user-admin-001"}
{"action":"TOKEN_VERIFICATION","ipAddress":"unknown","level":"info","message":"AUDIT_LOG","resource":"ACCESS","status":"SUCCESS","timestamp":"2026-09-15T03:10:54.426Z","user":"user-admin-001"}
{"action":"TOKEN_VERIFICATION","ipAddress":"unknown","level":"info","message":"AUDIT_LOG","resource":"ACCESS","status":"SUCCESS","timestamp":"2026-09-15T03:10:54.434Z","user":"user-admin-001"}
{"action":"GET_CURRENT_USER","ipAddress":"unknown","level":"info","message":"AUDIT_LOG","resource":"AUTH","status":"SUCCESS","timestamp":"2026-09-15T03:10:54.456Z","user":"user-admin-001"}
{"action":"PERMISSION_CHECK","ipAddress":"unknown","level":"info","message":"AUDIT_LOG","resource":"notification:read","status":"SUCCESS","timestamp":"2026-09-15T03:10:54.458Z","user":"user-admin-001"}
{"action":"TOKEN_VERIFICATION","ipAddress":"unknown","level":"info","message":"AUDIT_LOG","resource":"ACCESS","status":"SUCCESS","timestamp":"2026-09-15T03:10:54.478Z","user":"user-admin-001"}
{"action":"GET_CURRENT_USER","ipAddress":"unknown","level":"info","message":"AUDIT_LOG","resource":"AUTH","status":"SUCCESS","timestamp":"2026-09-15T03:10:54.483Z","user":"user-admin-001"}
{"action":"PERMISSION_CHECK","ipAddress":"unknown","level":"info","message":"AUDIT_LOG","resource":"notification:read","status":"SUCCESS","timestamp":"2026-09-15T03:10:54.485Z","user":"user-admin-001"}
{"action":"GET_CURRENT_USER","ipAddress":"unknown","level":"info","message":"AUDIT_LOG","resource":"AUTH","status":"SUCCESS","timestamp":"2026-09-15T03:10:54.500Z","user":"user-admin-001"}
{"action":"PERMISSION_CHECK","ipAddress":"unknown","level":"info","message":"AUDIT_LOG","resource":"user_data:read","status":"SUCCESS","timestamp":"2026-09-15T03:10:54.503Z","user":"user-admin-001"}
{"action":"GET_CURRENT_USER","ipAddress":"unknown","level":"info","message":"AUDIT_LOG","resource":"AUTH","status":"SUCCESS","timestamp":"2026-09-15T03:10:54.510Z","user":"user-admin-001"}
{"action":"GET_CURRENT_USER","ipAddress":"unknown","level":"info","message":"AUDIT_LOG","resource":"AUTH","status":"SUCCESS","timestamp":"2026-09-15T03:10:54.518Z","user":"user-admin-001"}
{"action":"PERMISSION_CHECK","ipAddress":"unknown","level":"info","message":"AUDIT_LOG","resource":"user_data:read","status":"SUCCESS","timestamp":"2026-09-15T03:10:54.519Z","user":"user-admin-001"}
{"action":"GET_READING_HISTORY","ipAddress":"unknown","level":"info","message":"AUDIT_LOG","resource":"HISTORY","status":"SUCCESS","timestamp":"2026-09-15T03:10:54.523Z","user":{"value":"user-admin-001"}}
{"action":"GET_BOOKMARKS","ipAddress":"unknown","level":"info","message":"AUDIT_LOG","resource":"BOOKMARKS","status":"SUCCESS","timestamp":"2026-09-15T03:10:54.542Z","user":{"value":"user-admin-001"}}
{"action":"TOKEN_VERIFICATION","ipAddress":"unknown","level":"info","message":"AUDIT_LOG","resource":"ACCESS","status":"SUCCESS","timestamp":"2026-09-15T03:10:54.562Z","user":"user-admin-001"}
{"action":"TOKEN_VERIFICATION","ipAddress":"unknown","level":"info","message":"AUDIT_LOG","resource":"ACCESS","status":"SUCCESS","timestamp":"2026-09-15T03:10:54.568Z","user":"user-admin-001"}
{"action":"GET_CURRENT_USER","ipAddress":"unknown","level":"info","message":"AUDIT_LOG","resource":"AUTH","status":"SUCCESS","timestamp":"2026-09-15T03:10:54.577Z","user":"user-admin-001"}
{"action":"PERMISSION_CHECK","ipAddress":"unknown","level":"info","message":"AUDIT_LOG","resource":"user_data:read","status":"SUCCESS","timestamp":"2026-09-15T03:10:54.581Z","user":"user-admin-001"}
{"action":"GET_CURRENT_USER","ipAddress":"unknown","level":"info","message":"AUDIT_LOG","resource":"AUTH","status":"SUCCESS","timestamp":"2026-09-15T03:10:54.589Z","user":"user-admin-001"}
{"action":"PERMISSION_CHECK","ipAddress":"unknown","level":"info","message":"AUDIT_LOG","resource":"user_data:read","status":"SUCCESS","timestamp":"2026-09-15T03:10:54.594Z","user":"user-admin-001"}
{"level":"info","message":"Processing job: AuditLogRequestedEvent","timestamp":"2026-09-15T03:10:54.598Z"}
{"action":"GET_BOOKMARKS","ipAddress":"unknown","level":"info","message":"AUDIT_LOG","resource":"BOOKMARKS","status":"SUCCESS","timestamp":"2026-09-15T03:10:54.603Z","user":{"value":"user-admin-001"}}
{"action":"GET_READING_HISTORY","ipAddress":"unknown","level":"info","message":"AUDIT_LOG","resource":"HISTORY","status":"SUCCESS","timestamp":"2026-09-15T03:10:54.607Z","user":{"value":"user-admin-001"}}
{"action":"TOKEN_VERIFICATION","ipAddress":"unknown","level":"info","message":"AUDIT_LOG","resource":"ACCESS","status":"SUCCESS","timestamp":"2026-09-15T03:10:54.619Z","user":"user-admin-001"}
{"action":"GET_CURRENT_USER","ipAddress":"unknown","level":"info","message":"AUDIT_LOG","resource":"AUTH","status":"SUCCESS","timestamp":"2026-09-15T03:10:54.626Z","user":"user-admin-001"}
{"level":"info","message":"Processing job: AuditLogRequestedEvent","timestamp":"2026-09-15T03:10:54.641Z"}
{"action":"TOKEN_VERIFICATION","ipAddress":"unknown","level":"info","message":"AUDIT_LOG","resource":"ACCESS","status":"SUCCESS","timestamp":"2026-09-15T03:11:06.415Z","user":"user-admin-001"}
{"action":"GET_CURRENT_USER","ipAddress":"unknown","level":"info","message":"AUDIT_LOG","resource":"AUTH","status":"SUCCESS","timestamp":"2026-09-15T03:11:06.426Z","user":"user-admin-001"}
{"level":"info","message":"Processing job: AuditLogRequestedEvent","timestamp":"2026-09-15T03:11:06.446Z"}
{"action":"TOKEN_VERIFICATION","ipAddress":"unknown","level":"info","message":"AUDIT_LOG","resource":"ACCESS","status":"SUCCESS","timestamp":"2026-09-15T03:11:06.461Z","user":"user-admin-001"}
{"action":"GET_CURRENT_USER","ipAddress":"unknown","level":"info","message":"AUDIT_LOG","resource":"AUTH","status":"SUCCESS","timestamp":"2026-09-15T03:11:06.465Z","user":"user-admin-001"}
{"level":"info","message":"Processing job: AuditLogRequestedEvent","timestamp":"2026-09-15T03:11:06.478Z"}
{"action":"TOKEN_VERIFICATION","ipAddress":"unknown","level":"info","message":"AUDIT_LOG","resource":"ACCESS","status":"SUCCESS","timestamp":"2026-09-15T03:11:52.666Z","user":"user-admin-001"}
{"action":"GET_CURRENT_USER","ipAddress":"unknown","level":"info","message":"AUDIT_LOG","resource":"AUTH","status":"SUCCESS","timestamp":"2026-09-15T03:11:52.671Z","user":"user-admin-001"}
{"action":"UPDATE_PROFILE","ipAddress":"::1","level":"info","message":"AUDIT_LOG","resource":"PROFILE","status":"SUCCESS","timestamp":"2026-09-15T03:11:52.764Z","user":"user-admin-001"}
{"level":"info","message":"Processing job: UserUpdatedEvent","timestamp":"2026-09-15T03:11:52.775Z"}
{"action":"TOKEN_VERIFICATION","ipAddress":"unknown","level":"info","message":"AUDIT_LOG","resource":"ACCESS","status":"SUCCESS","timestamp":"2026-09-15T03:11:52.798Z","user":"user-admin-001"}
{"action":"GET_CURRENT_USER","ipAddress":"unknown","level":"info","message":"AUDIT_LOG","resource":"AUTH","status":"SUCCESS","timestamp":"2026-09-15T03:11:52.804Z","user":"user-admin-001"}
{"level":"info","message":"Processing job: AuditLogRequestedEvent","timestamp":"2026-09-15T03:11:52.823Z"}
{"action":"TOKEN_VERIFICATION","ipAddress":"unknown","level":"info","message":"AUDIT_LOG","resource":"ACCESS","status":"SUCCESS","timestamp":"2026-09-15T03:12:03.722Z","user":"user-admin-001"}
{"action":"GET_CURRENT_USER","ipAddress":"unknown","level":"info","message":"AUDIT_LOG","resource":"AUTH","status":"SUCCESS","timestamp":"2026-09-15T03:12:03.729Z","user":"user-admin-001"}
{"action":"TOKEN_VERIFICATION","ipAddress":"unknown","level":"info","message":"AUDIT_LOG","resource":"ACCESS","status":"SUCCESS","timestamp":"2026-09-15T03:12:03.770Z","user":"user-admin-001"}
{"action":"GET_CURRENT_USER","ipAddress":"unknown","level":"info","message":"AUDIT_LOG","resource":"AUTH","status":"SUCCESS","timestamp":"2026-09-15T03:12:03.776Z","user":"user-admin-001"}
{"action":"TOKEN_VERIFICATION","ipAddress":"unknown","level":"info","message":"AUDIT_LOG","resource":"ACCESS","status":"SUCCESS","timestamp":"2026-09-15T03:12:10.560Z","user":"user-admin-001"}
{"action":"GET_CURRENT_USER","ipAddress":"unknown","level":"info","message":"AUDIT_LOG","resource":"AUTH","status":"SUCCESS","timestamp":"2026-09-15T03:12:10.566Z","user":"user-admin-001"}
{"error":"Failed to start MFA enrollment","level":"error","message":"Controller error","stack":"AuthenticationError: Failed to start MFA enrollment\n    at EnableMfaCommandHandler.handle (/data/data/com.termux/files/home/Connect-Africa/backend/dist/modules/auth/application/handlers/mfa/EnableMfaCommandHandler.js:87:19)\n    at process.processTicksAndRejections (node:internal/process/task_queues:104:5)\n    at async AuthController.enableMfa (/data/data/com.termux/files/home/Connect-Africa/backend/dist/modules/auth/interfaces/AuthController.js:223:28)","timestamp":"2026-09-15T03:12:10.583Z"}
{"level":"info","message":"Processing job: AuditLogRequestedEvent","timestamp":"2026-09-15T03:12:10.588Z"}
{"level":"info","message":"BullMQ EventBus initialized.","timestamp":"2026-09-15T03:12:51.673Z"}
{"level":"info","message":"BullMQ EventBus initialized.","timestamp":"2026-09-15T03:13:17.699Z"}
{"level":"info","message":"BullMQ EventBus initialized.","timestamp":"2026-09-15T03:13:35.692Z"}
{"level":"info","message":"BullMQ worker connection ready.","timestamp":"2026-09-15T03:13:36.370Z"}
{"level":"info","message":"BullMQ EventBus initialized.","timestamp":"2026-09-15T03:13:39.736Z"}
{"level":"info","message":"BullMQ worker connection ready.","timestamp":"2026-09-15T03:13:40.423Z"}
{"level":"info","message":"BullMQ EventBus initialized.","timestamp":"2026-09-15T03:14:03.405Z"}
{"level":"info","message":"BullMQ worker connection ready.","timestamp":"2026-09-15T03:14:04.097Z"}
{"action":"TOKEN_VERIFICATION","ipAddress":"unknown","level":"info","message":"AUDIT_LOG","resource":"ACCESS","status":"SUCCESS","timestamp":"2026-09-15T03:14:34.061Z","user":"user-admin-001"}
{"action":"GET_CURRENT_USER","ipAddress":"unknown","level":"info","message":"AUDIT_LOG","resource":"AUTH","status":"SUCCESS","timestamp":"2026-09-15T03:14:34.080Z","user":"user-admin-001"}
{"action":"PERMISSION_CHECK","ipAddress":"unknown","level":"info","message":"AUDIT_LOG","resource":"entity:create","status":"SUCCESS","timestamp":"2026-09-15T03:14:34.085Z","user":"user-admin-001"}
{"error":"Converting circular structure to JSON\n    --> starting at object with constructor 'EntityCreatedEvent'\n    |     property 'entity' -> object with constructor 'Entity'\n    |     property '_domainEvents' -> object with constructor 'Array'\n    --- index 0 closes the circle","event":"EntityCreatedEvent","level":"warn","message":"Failed to publish event to BullMQ.","stack":"TypeError: Converting circular structure to JSON\n    --> starting at object with constructor 'EntityCreatedEvent'\n    |     property 'entity' -> object with constructor 'Entity'\n    |     property '_domainEvents' -> object with constructor 'Array'\n    --- index 0 closes the circle\n    at JSON.stringify (<anonymous>)\n    at Job.asJSON (/data/data/com.termux/files/home/Connect-Africa/backend/node_modules/bullmq/dist/cjs/classes/job.js:297:24)\n    at Job.addJob (/data/data/com.termux/files/home/Connect-Africa/backend/node_modules/bullmq/dist/cjs/classes/job.js:1005:30)\n    at Job.create (/data/data/com.termux/files/home/Connect-Africa/backend/node_modules/bullmq/dist/cjs/classes/job.js:128:28)\n    at process.processTicksAndRejections (node:internal/process/task_queues:104:5)\n    at async Queue.addJob (/data/data/com.termux/files/home/Connect-Africa/backend/node_modules/bullmq/dist/cjs/classes/queue.js:193:25)\n    at async /data/data/com.termux/files/home/Connect-Africa/backend/node_modules/bullmq/dist/cjs/classes/queue.js:160:25","timestamp":"2026-09-15T03:14:34.158Z"}
{"level":"info","message":"Processing job: AuditLogRequestedEvent","timestamp":"2026-09-15T03:14:34.191Z"}
{"action":"TOKEN_VERIFICATION","ipAddress":"unknown","level":"info","message":"AUDIT_LOG","resource":"ACCESS","status":"SUCCESS","timestamp":"2026-09-15T03:14:41.120Z","user":"user-admin-001"}
{"action":"GET_CURRENT_USER","ipAddress":"unknown","level":"info","message":"AUDIT_LOG","resource":"AUTH","status":"SUCCESS","timestamp":"2026-09-15T03:14:41.128Z","user":"user-admin-001"}
{"action":"PERMISSION_CHECK","ipAddress":"unknown","level":"info","message":"AUDIT_LOG","resource":"entity_type:read","status":"SUCCESS","timestamp":"2026-09-15T03:14:41.130Z","user":"user-admin-001"}
{"action":"TOKEN_VERIFICATION","ipAddress":"unknown","level":"info","message":"AUDIT_LOG","resource":"ACCESS","status":"SUCCESS","timestamp":"2026-09-15T03:16:20.218Z","user":"user-admin-001"}
{"action":"GET_CURRENT_USER","ipAddress":"unknown","level":"info","message":"AUDIT_LOG","resource":"AUTH","status":"SUCCESS","timestamp":"2026-09-15T03:16:20.225Z","user":"user-admin-001"}
{"action":"PERMISSION_CHECK","ipAddress":"unknown","level":"info","message":"AUDIT_LOG","resource":"ontology:create","status":"SUCCESS","timestamp":"2026-09-15T03:16:20.226Z","user":"user-admin-001"}
{"level":"info","message":"Processing job: OntologyCreatedEvent","timestamp":"2026-09-15T03:16:20.268Z"}
{"level":"info","message":"Processing job: AuditLogRequestedEvent","timestamp":"2026-09-15T03:16:20.276Z"}
{"error":"there is no unique or exclusion constraint matching the ON CONFLICT specification","level":"error","message":"Error in event subscription handler for OntologyCreatedEvent.","stack":"error: there is no unique or exclusion constraint matching the ON CONFLICT specification\n    at /data/data/com.termux/files/home/Connect-Africa/backend/node_modules/pg-pool/index.js:45:11\n    at process.processTicksAndRejections (node:internal/process/task_queues:104:5)\n    at async PostgresSearchProvider.index (/data/data/com.termux/files/home/Connect-Africa/backend/dist/modules/search/infrastructure/search/PostgresSearchProvider.js:91:9)\n    at async SearchRepository.save (/data/data/com.termux/files/home/Connect-Africa/backend/dist/modules/search/infrastructure/repositories/SearchRepository.js:33:9)\n    at async OntologyCreatedIndexer.handle (/data/data/com.termux/files/home/Connect-Africa/backend/dist/modules/search/application/events/OntologyCreatedIndexer.js:35:9)\n    at async /data/data/com.termux/files/home/Connect-Africa/backend/dist/modules/search/application/SearchModuleInstaller.js:37:13\n    at async Worker.<anonymous> (/data/data/com.termux/files/home/Connect-Africa/backend/dist/shared/infrastructure/queue/BullMqEventBus.js:63:25)","timestamp":"2026-09-15T03:16:20.304Z"}
{"action":"TOKEN_VERIFICATION","ipAddress":"unknown","level":"info","message":"AUDIT_LOG","resource":"ACCESS","status":"SUCCESS","timestamp":"2026-09-15T03:16:27.190Z","user":"user-admin-001"}
{"action":"GET_CURRENT_USER","ipAddress":"unknown","level":"info","message":"AUDIT_LOG","resource":"AUTH","status":"SUCCESS","timestamp":"2026-09-15T03:16:27.198Z","user":"user-admin-001"}
{"action":"PERMISSION_CHECK","ipAddress":"unknown","level":"info","message":"AUDIT_LOG","resource":"ontology:read","status":"SUCCESS","timestamp":"2026-09-15T03:16:27.199Z","user":"user-admin-001"}
{"level":"info","message":"BullMQ EventBus initialized.","timestamp":"2026-09-15T04:27:18.621Z"}
{"level":"info","message":"BullMQ worker connection ready.","timestamp":"2026-09-15T04:27:19.312Z"}
{"client":{"_activeQuery":null,"_connected":true,"_connecting":false,"_connectionCallback":null,"_connectionError":false,"_connectionTimeoutMillis":0,"_ended":false,"_ending":true,"_events":{},"_eventsCount":1,"_poolUseCount":1378,"_queryQueue":[],"_queryable":false,"_txStatus":"I","_types":{"_types":{"arrayParser":{},"builtins":{"ABSTIME":702,"ACLITEM":1033,"BIT":1560,"BOOL":16,"BPCHAR":1042,"BYTEA":17,"CHAR":18,"CID":29,"CIDR":650,"CIRCLE":718,"DATE":1082,"FLOAT4":700,"FLOAT8":701,"GTSVECTOR":3642,"INET":869,"INT2":21,"INT4":23,"INT8":20,"INTERVAL":1186,"JSON":114,"JSONB":3802,"MACADDR":829,"MACADDR8":774,"MONEY":790,"NUMERIC":1700,"OID":26,"PATH":602,"PG_DEPENDENCIES":3402,"PG_LSN":3220,"PG_NDISTINCT":3361,"PG_NODE_TREE":194,"POLYGON":604,"REFCURSOR":1790,"REGCLASS":2205,"REGCONFIG":3734,"REGDICTIONARY":3769,"REGNAMESPACE":4089,"REGOPER":2203,"REGOPERATOR":2204,"REGPROC":24,"REGPROCEDURE":2202,"REGROLE":4096,"REGTYPE":2206,"RELTIME":703,"SMGR":210,"TEXT":25,"TID":27,"TIME":1083,"TIMESTAMP":1114,"TIMESTAMPTZ":1184,"TIMETZ":1266,"TINTERVAL":704,"TSQUERY":3615,"TSVECTOR":3614,"TXID_SNAPSHOT":2970,"UUID":2950,"VARBIT":1562,"VARCHAR":1043,"XID":28,"XML":142}},"binary":{},"text":{}},"binary":false,"connection":{"_connecting":true,"_emitMessage":false,"_ending":true,"_events":{"end":[null,null]},"_eventsCount":23,"_keepAlive":false,"_keepAliveInitialDelayMillis":0,"parsedStatements":{},"ssl":false,"sslNegotiation":"postgres","stream":{"_closeAfterHandlingError":false,"_events":{"end":[null,null]},"_eventsCount":4,"_hadError":false,"_host":"localhost","_parent":null,"_pendingData":null,"_pendingEncoding":"","_readableState":{"awaitDrainWriters":null,"buffer":[],"bufferIndex":0,"highWaterMark":65536,"length":0,"pipes":[]},"_server":null,"_sockname":null,"_writableState":{"bufferedIndex":0,"corked":0,"highWaterMark":65536,"length":0,"pendingcb":0,"writelen":0},"allowHalfOpen":false,"connecting":false,"server":null}},"connectionParameters":{"binary":false,"client_encoding":"","connect_timeout":0,"database":"directory_africa","host":"localhost","idle_in_transaction_session_timeout":false,"isDomainSocket":false,"lock_timeout":false,"port":5432,"query_timeout":false,"ssl":false,"statement_timeout":false,"user":"u0_a309"},"database":"directory_africa","enableChannelBinding":false,"hasExecuted":true,"host":"localhost","port":5432,"processID":18667,"readyForQuery":true,"scramMaxIterations":100000,"secretKey":-819825067,"ssl":false,"sslNegotiation":"postgres","user":"u0_a309"},"code":"57P01","file":"postgres.c","length":116,"level":"error","line":"3355","message":"Unexpected error on idle PostgreSQL client terminating connection due to administrator command","name":"error","routine":"ProcessInterrupts","severity":"FATAL","stack":"error: terminating connection due to administrator command\n    at parseErrorMessage (/data/data/com.termux/files/home/Connect-Africa/backend/node_modules/pg-protocol/dist/parser.js:305:11)\n    at Parser.handlePacket (/data/data/com.termux/files/home/Connect-Africa/backend/node_modules/pg-protocol/dist/parser.js:143:27)\n    at Parser.parse (/data/data/com.termux/files/home/Connect-Africa/backend/node_modules/pg-protocol/dist/parser.js:37:38)\n    at Socket.<anonymous> (/data/data/com.termux/files/home/Connect-Africa/backend/node_modules/pg-protocol/dist/index.js:12:42)\n    at Socket.emit (node:events:509:28)\n    at addChunk (node:internal/streams/readable:563:12)\n    at readableAddChunkPushByteMode (node:internal/streams/readable:514:3)\n    at Readable.push (node:internal/streams/readable:394:5)\n    at TCP.onStreamRead (node:internal/stream_base_commons:189:23)","timestamp":"2026-09-15T08:05:53.179Z"}
{"address":"127.0.0.1","code":"ECONNREFUSED","errno":-111,"level":"error","message":"✗ Unhandled Promise Rejection: connect ECONNREFUSED 127.0.0.1:5432","port":5432,"stack":"Error: connect ECONNREFUSED 127.0.0.1:5432\n    at /data/data/com.termux/files/home/Connect-Africa/backend/node_modules/pg-pool/index.js:45:11\n    at process.processTicksAndRejections (node:internal/process/task_queues:104:5)\n    at async PostgresOutboxRepository.getPending (/data/data/com.termux/files/home/Connect-Africa/backend/dist/shared/infrastructure/repositories/PostgresOutboxRepository.js:26:26)\n    at async OutboxDispatcher.dispatch (/data/data/com.termux/files/home/Connect-Africa/backend/dist/workers/OutboxDispatcher.js:38:25)\n    at async Timeout._onTimeout (/data/data/com.termux/files/home/Connect-Africa/backend/dist/workers/OutboxDispatcher.js:34:13)","syscall":"connect","timestamp":"2026-09-15T08:05:53.601Z"}
{"level":"info","message":"BullMQ EventBus initialized.","timestamp":"2026-09-15T08:06:38.645Z"}
{"level":"info","message":"BullMQ worker connection ready.","timestamp":"2026-09-15T08:06:39.137Z"}
{"action":"TOKEN_VERIFICATION","ipAddress":"unknown","level":"info","message":"AUDIT_LOG","resource":"ACCESS","status":"FAILURE","timestamp":"2026-09-15T08:08:36.371Z","user":"UNKNOWN"}
{"action":"TOKEN_VERIFICATION","ipAddress":"unknown","level":"info","message":"AUDIT_LOG","resource":"ACCESS","status":"FAILURE","timestamp":"2026-09-15T08:08:36.411Z","user":"UNKNOWN"}
{"error":"Invalid credentials.","level":"error","message":"Controller error","stack":"AuthenticationError: Invalid credentials.\n    at LoginCommandHandler.handle (/data/data/com.termux/files/home/Connect-Africa/backend/dist/modules/auth/application/handlers/LoginCommandHandler.js:44:19)\n    at process.processTicksAndRejections (node:internal/process/task_queues:104:5)\n    at async descriptor.value (/data/data/com.termux/files/home/Connect-Africa/backend/dist/shared/infrastructure/audit/AuditDecorator.js:37:32)\n    at async AuthController.login (/data/data/com.termux/files/home/Connect-Africa/backend/dist/modules/auth/interfaces/AuthController.js:447:28)","timestamp":"2026-09-15T08:11:06.279Z"}
{"level":"info","message":"Processing job: AuditLogRequestedEvent","timestamp":"2026-09-15T08:11:06.300Z"}
{"error":"Invalid credentials.","level":"error","message":"Controller error","stack":"AuthenticationError: Invalid credentials.\n    at LoginCommandHandler.handle (/data/data/com.termux/files/home/Connect-Africa/backend/dist/modules/auth/application/handlers/LoginCommandHandler.js:44:19)\n    at process.processTicksAndRejections (node:internal/process/task_queues:104:5)\n    at async descriptor.value (/data/data/com.termux/files/home/Connect-Africa/backend/dist/shared/infrastructure/audit/AuditDecorator.js:37:32)\n    at async AuthController.login (/data/data/com.termux/files/home/Connect-Africa/backend/dist/modules/auth/interfaces/AuthController.js:447:28)","timestamp":"2026-09-15T08:11:08.864Z"}
{"level":"info","message":"Processing job: AuditLogRequestedEvent","timestamp":"2026-09-15T08:11:08.872Z"}
{"action":"TOKEN_GENERATION","ipAddress":"unknown","level":"info","message":"AUDIT_LOG","resource":"ACCESS","status":"SUCCESS","timestamp":"2026-09-15T08:11:19.603Z","user":"user-admin-001"}
{"action":"TOKEN_GENERATION","ipAddress":"unknown","level":"info","message":"AUDIT_LOG","resource":"REFRESH","status":"SUCCESS","timestamp":"2026-09-15T08:11:19.608Z","user":"user-admin-001"}
{"action":"SESSION_CREATED","ipAddress":"unknown","level":"info","message":"AUDIT_LOG","resource":"SESSION","status":"SUCCESS","timestamp":"2026-09-15T08:11:19.635Z","user":"user-admin-001"}
{"level":"info","message":"Processing job: UserLoggedInEvent","timestamp":"2026-09-15T08:11:19.645Z"}
{"level":"info","message":"Processing job: AuditLogRequestedEvent","timestamp":"2026-09-15T08:11:19.657Z"}
{"action":"TOKEN_VERIFICATION","ipAddress":"unknown","level":"info","message":"AUDIT_LOG","resource":"ACCESS","status":"SUCCESS","timestamp":"2026-09-15T08:11:22.984Z","user":"user-admin-001"}
{"action":"TOKEN_VERIFICATION","ipAddress":"unknown","level":"info","message":"AUDIT_LOG","resource":"ACCESS","status":"SUCCESS","timestamp":"2026-09-15T08:11:22.997Z","user":"user-admin-001"}
{"action":"TOKEN_VERIFICATION","ipAddress":"unknown","level":"info","message":"AUDIT_LOG","resource":"ACCESS","status":"SUCCESS","timestamp":"2026-09-15T08:11:23.008Z","user":"user-admin-001"}
{"action":"TOKEN_VERIFICATION","ipAddress":"unknown","level":"info","message":"AUDIT_LOG","resource":"ACCESS","status":"SUCCESS","timestamp":"2026-09-15T08:11:23.016Z","user":"user-admin-001"}
{"action":"GET_CURRENT_USER","ipAddress":"unknown","level":"info","message":"AUDIT_LOG","resource":"AUTH","status":"SUCCESS","timestamp":"2026-09-15T08:11:23.033Z","user":"user-admin-001"}
{"action":"PERMISSION_CHECK","ipAddress":"unknown","level":"info","message":"AUDIT_LOG","resource":"notification:read","status":"SUCCESS","timestamp":"2026-09-15T08:11:23.035Z","user":"user-admin-001"}
{"action":"GET_CURRENT_USER","ipAddress":"unknown","level":"info","message":"AUDIT_LOG","resource":"AUTH","status":"SUCCESS","timestamp":"2026-09-15T08:11:23.080Z","user":"user-admin-001"}
{"action":"PERMISSION_CHECK","ipAddress":"unknown","level":"info","message":"AUDIT_LOG","resource":"user_data:read","status":"SUCCESS","timestamp":"2026-09-15T08:11:23.082Z","user":"user-admin-001"}
{"action":"GET_CURRENT_USER","ipAddress":"unknown","level":"info","message":"AUDIT_LOG","resource":"AUTH","status":"SUCCESS","timestamp":"2026-09-15T08:11:23.088Z","user":"user-admin-001"}
{"action":"GET_CURRENT_USER","ipAddress":"unknown","level":"info","message":"AUDIT_LOG","resource":"AUTH","status":"SUCCESS","timestamp":"2026-09-15T08:11:23.096Z","user":"user-admin-001"}
{"action":"PERMISSION_CHECK","ipAddress":"unknown","level":"info","message":"AUDIT_LOG","resource":"user_data:read","status":"SUCCESS","timestamp":"2026-09-15T08:11:23.097Z","user":"user-admin-001"}
{"action":"GET_BOOKMARKS","ipAddress":"unknown","level":"info","message":"AUDIT_LOG","resource":"BOOKMARKS","status":"SUCCESS","timestamp":"2026-09-15T08:11:23.113Z","user":{"value":"user-admin-001"}}
{"action":"TOKEN_VERIFICATION","ipAddress":"unknown","level":"info","message":"AUDIT_LOG","resource":"ACCESS","status":"SUCCESS","timestamp":"2026-09-15T08:11:23.126Z","user":"user-admin-001"}
{"action":"TOKEN_VERIFICATION","ipAddress":"unknown","level":"info","message":"AUDIT_LOG","resource":"ACCESS","status":"SUCCESS","timestamp":"2026-09-15T08:11:23.141Z","user":"user-admin-001"}
{"action":"GET_READING_HISTORY","ipAddress":"unknown","level":"info","message":"AUDIT_LOG","resource":"HISTORY","status":"SUCCESS","timestamp":"2026-09-15T08:11:23.144Z","user":{"value":"user-admin-001"}}
{"action":"GET_CURRENT_USER","ipAddress":"unknown","level":"info","message":"AUDIT_LOG","resource":"AUTH","status":"SUCCESS","timestamp":"2026-09-15T08:11:23.149Z","user":"user-admin-001"}
{"action":"PERMISSION_CHECK","ipAddress":"unknown","level":"info","message":"AUDIT_LOG","resource":"notification:read","status":"SUCCESS","timestamp":"2026-09-15T08:11:23.151Z","user":"user-admin-001"}
{"action":"GET_CURRENT_USER","ipAddress":"unknown","level":"info","message":"AUDIT_LOG","resource":"AUTH","status":"SUCCESS","timestamp":"2026-09-15T08:11:23.160Z","user":"user-admin-001"}
{"action":"PERMISSION_CHECK","ipAddress":"unknown","level":"info","message":"AUDIT_LOG","resource":"user_data:read","status":"SUCCESS","timestamp":"2026-09-15T08:11:23.161Z","user":"user-admin-001"}
{"action":"TOKEN_VERIFICATION","ipAddress":"unknown","level":"info","message":"AUDIT_LOG","resource":"ACCESS","status":"SUCCESS","timestamp":"2026-09-15T08:11:23.168Z","user":"user-admin-001"}
{"level":"info","message":"Processing job: AuditLogRequestedEvent","timestamp":"2026-09-15T08:11:23.171Z"}
{"action":"TOKEN_VERIFICATION","ipAddress":"unknown","level":"info","message":"AUDIT_LOG","resource":"ACCESS","status":"SUCCESS","timestamp":"2026-09-15T08:11:23.183Z","user":"user-admin-001"}
{"action":"GET_BOOKMARKS","ipAddress":"unknown","level":"info","message":"AUDIT_LOG","resource":"BOOKMARKS","status":"SUCCESS","timestamp":"2026-09-15T08:11:23.185Z","user":{"value":"user-admin-001"}}
{"action":"GET_CURRENT_USER","ipAddress":"unknown","level":"info","message":"AUDIT_LOG","resource":"AUTH","status":"SUCCESS","timestamp":"2026-09-15T08:11:23.189Z","user":"user-admin-001"}
{"action":"PERMISSION_CHECK","ipAddress":"unknown","level":"info","message":"AUDIT_LOG","resource":"user_data:read","status":"SUCCESS","timestamp":"2026-09-15T08:11:23.190Z","user":"user-admin-001"}
{"action":"GET_CURRENT_USER","ipAddress":"unknown","level":"info","message":"AUDIT_LOG","resource":"AUTH","status":"SUCCESS","timestamp":"2026-09-15T08:11:23.195Z","user":"user-admin-001"}
{"action":"GET_READING_HISTORY","ipAddress":"unknown","level":"info","message":"AUDIT_LOG","resource":"HISTORY","status":"SUCCESS","timestamp":"2026-09-15T08:11:23.199Z","user":{"value":"user-admin-001"}}
{"level":"info","message":"Processing job: AuditLogRequestedEvent","timestamp":"2026-09-15T08:11:23.212Z"}
{"action":"TOKEN_VERIFICATION","ipAddress":"unknown","level":"info","message":"AUDIT_LOG","resource":"ACCESS","status":"SUCCESS","timestamp":"2026-09-15T08:14:03.841Z","user":"user-admin-001"}
{"action":"TOKEN_VERIFICATION","ipAddress":"unknown","level":"info","message":"AUDIT_LOG","resource":"ACCESS","status":"SUCCESS","timestamp":"2026-09-15T08:14:03.853Z","user":"user-admin-001"}
{"action":"TOKEN_VERIFICATION","ipAddress":"unknown","level":"info","message":"AUDIT_LOG","resource":"ACCESS","status":"SUCCESS","timestamp":"2026-09-15T08:14:03.860Z","user":"user-admin-001"}
{"action":"TOKEN_VERIFICATION","ipAddress":"unknown","level":"info","message":"AUDIT_LOG","resource":"ACCESS","status":"SUCCESS","timestamp":"2026-09-15T08:14:03.869Z","user":"user-admin-001"}
{"action":"GET_CURRENT_USER","ipAddress":"unknown","level":"info","message":"AUDIT_LOG","resource":"AUTH","status":"SUCCESS","timestamp":"2026-09-15T08:14:03.888Z","user":"user-admin-001"}
{"action":"PERMISSION_CHECK","ipAddress":"unknown","level":"info","message":"AUDIT_LOG","resource":"notification:read","status":"SUCCESS","timestamp":"2026-09-15T08:14:03.890Z","user":"user-admin-001"}
{"action":"GET_CURRENT_USER","ipAddress":"unknown","level":"info","message":"AUDIT_LOG","resource":"AUTH","status":"SUCCESS","timestamp":"2026-09-15T08:14:03.920Z","user":"user-admin-001"}
{"action":"PERMISSION_CHECK","ipAddress":"unknown","level":"info","message":"AUDIT_LOG","resource":"user_data:read","status":"SUCCESS","timestamp":"2026-09-15T08:14:03.921Z","user":"user-admin-001"}
{"action":"GET_CURRENT_USER","ipAddress":"unknown","level":"info","message":"AUDIT_LOG","resource":"AUTH","status":"SUCCESS","timestamp":"2026-09-15T08:14:03.928Z","user":"user-admin-001"}
{"action":"PERMISSION_CHECK","ipAddress":"unknown","level":"info","message":"AUDIT_LOG","resource":"user_data:read","status":"SUCCESS","timestamp":"2026-09-15T08:14:03.929Z","user":"user-admin-001"}
{"action":"GET_READING_HISTORY","ipAddress":"unknown","level":"info","message":"AUDIT_LOG","resource":"HISTORY","status":"SUCCESS","timestamp":"2026-09-15T08:14:03.934Z","user":{"value":"user-admin-001"}}
{"action":"TOKEN_VERIFICATION","ipAddress":"unknown","level":"info","message":"AUDIT_LOG","resource":"ACCESS","status":"SUCCESS","timestamp":"2026-09-15T08:14:03.942Z","user":"user-admin-001"}
{"action":"GET_CURRENT_USER","ipAddress":"unknown","level":"info","message":"AUDIT_LOG","resource":"AUTH","status":"SUCCESS","timestamp":"2026-09-15T08:14:03.946Z","user":"user-admin-001"}
{"action":"GET_BOOKMARKS","ipAddress":"unknown","level":"info","message":"AUDIT_LOG","resource":"BOOKMARKS","status":"SUCCESS","timestamp":"2026-09-15T08:14:03.951Z","user":{"value":"user-admin-001"}}
{"action":"TOKEN_VERIFICATION","ipAddress":"unknown","level":"info","message":"AUDIT_LOG","resource":"ACCESS","status":"SUCCESS","timestamp":"2026-09-15T08:14:03.959Z","user":"user-admin-001"}
{"action":"GET_CURRENT_USER","ipAddress":"unknown","level":"info","message":"AUDIT_LOG","resource":"AUTH","status":"SUCCESS","timestamp":"2026-09-15T08:14:03.968Z","user":"user-admin-001"}
{"action":"PERMISSION_CHECK","ipAddress":"unknown","level":"info","message":"AUDIT_LOG","resource":"notification:read","status":"SUCCESS","timestamp":"2026-09-15T08:14:03.969Z","user":"user-admin-001"}
{"action":"TOKEN_VERIFICATION","ipAddress":"unknown","level":"info","message":"AUDIT_LOG","resource":"ACCESS","status":"SUCCESS","timestamp":"2026-09-15T08:14:03.976Z","user":"user-admin-001"}
{"action":"GET_CURRENT_USER","ipAddress":"unknown","level":"info","message":"AUDIT_LOG","resource":"AUTH","status":"SUCCESS","timestamp":"2026-09-15T08:14:03.981Z","user":"user-admin-001"}
{"action":"PERMISSION_CHECK","ipAddress":"unknown","level":"info","message":"AUDIT_LOG","resource":"user_data:read","status":"SUCCESS","timestamp":"2026-09-15T08:14:03.983Z","user":"user-admin-001"}
{"action":"GET_READING_HISTORY","ipAddress":"unknown","level":"info","message":"AUDIT_LOG","resource":"HISTORY","status":"SUCCESS","timestamp":"2026-09-15T08:14:03.993Z","user":{"value":"user-admin-001"}}
{"action":"GET_CURRENT_USER","ipAddress":"unknown","level":"info","message":"AUDIT_LOG","resource":"AUTH","status":"SUCCESS","timestamp":"2026-09-15T08:14:03.997Z","user":"user-admin-001"}
{"action":"PERMISSION_CHECK","ipAddress":"unknown","level":"info","message":"AUDIT_LOG","resource":"user_data:read","status":"SUCCESS","timestamp":"2026-09-15T08:14:03.999Z","user":"user-admin-001"}
{"level":"info","message":"Processing job: AuditLogRequestedEvent","timestamp":"2026-09-15T08:14:04.007Z"}
{"action":"TOKEN_VERIFICATION","ipAddress":"unknown","level":"info","message":"AUDIT_LOG","resource":"ACCESS","status":"SUCCESS","timestamp":"2026-09-15T08:14:04.025Z","user":"user-admin-001"}
{"action":"GET_BOOKMARKS","ipAddress":"unknown","level":"info","message":"AUDIT_LOG","resource":"BOOKMARKS","status":"SUCCESS","timestamp":"2026-09-15T08:14:04.031Z","user":{"value":"user-admin-001"}}
{"action":"GET_CURRENT_USER","ipAddress":"unknown","level":"info","message":"AUDIT_LOG","resource":"AUTH","status":"SUCCESS","timestamp":"2026-09-15T08:14:04.036Z","user":"user-admin-001"}
{"level":"info","message":"Processing job: AuditLogRequestedEvent","timestamp":"2026-09-15T08:14:04.065Z"}
{"action":"TOKEN_VERIFICATION","ipAddress":"unknown","level":"info","message":"AUDIT_LOG","resource":"ACCESS","status":"SUCCESS","timestamp":"2026-09-15T08:15:50.703Z","user":"user-admin-001"}
{"action":"TOKEN_VERIFICATION","ipAddress":"unknown","level":"info","message":"AUDIT_LOG","resource":"ACCESS","status":"SUCCESS","timestamp":"2026-09-15T08:15:50.711Z","user":"user-admin-001"}
{"action":"TOKEN_VERIFICATION","ipAddress":"unknown","level":"info","message":"AUDIT_LOG","resource":"ACCESS","status":"SUCCESS","timestamp":"2026-09-15T08:15:50.719Z","user":"user-admin-001"}
{"action":"TOKEN_VERIFICATION","ipAddress":"unknown","level":"info","message":"AUDIT_LOG","resource":"ACCESS","status":"SUCCESS","timestamp":"2026-09-15T08:15:50.727Z","user":"user-admin-001"}
{"action":"GET_CURRENT_USER","ipAddress":"unknown","level":"info","message":"AUDIT_LOG","resource":"AUTH","status":"SUCCESS","timestamp":"2026-09-15T08:15:50.742Z","user":"user-admin-001"}
{"action":"PERMISSION_CHECK","ipAddress":"unknown","level":"info","message":"AUDIT_LOG","resource":"notification:read","status":"SUCCESS","timestamp":"2026-09-15T08:15:50.743Z","user":"user-admin-001"}
{"action":"GET_CURRENT_USER","ipAddress":"unknown","level":"info","message":"AUDIT_LOG","resource":"AUTH","status":"SUCCESS","timestamp":"2026-09-15T08:15:50.775Z","user":"user-admin-001"}
{"action":"PERMISSION_CHECK","ipAddress":"unknown","level":"info","message":"AUDIT_LOG","resource":"user_data:read","status":"SUCCESS","timestamp":"2026-09-15T08:15:50.777Z","user":"user-admin-001"}
{"action":"TOKEN_VERIFICATION","ipAddress":"unknown","level":"info","message":"AUDIT_LOG","resource":"ACCESS","status":"SUCCESS","timestamp":"2026-09-15T08:15:50.784Z","user":"user-admin-001"}
{"action":"GET_READING_HISTORY","ipAddress":"unknown","level":"info","message":"AUDIT_LOG","resource":"HISTORY","status":"SUCCESS","timestamp":"2026-09-15T08:15:50.787Z","user":{"value":"user-admin-001"}}
{"action":"GET_CURRENT_USER","ipAddress":"unknown","level":"info","message":"AUDIT_LOG","resource":"AUTH","status":"SUCCESS","timestamp":"2026-09-15T08:15:50.795Z","user":"user-admin-001"}
{"action":"GET_CURRENT_USER","ipAddress":"unknown","level":"info","message":"AUDIT_LOG","resource":"AUTH","status":"SUCCESS","timestamp":"2026-09-15T08:15:50.799Z","user":"user-admin-001"}
{"action":"PERMISSION_CHECK","ipAddress":"unknown","level":"info","message":"AUDIT_LOG","resource":"user_data:read","status":"SUCCESS","timestamp":"2026-09-15T08:15:50.801Z","user":"user-admin-001"}
{"action":"GET_CURRENT_USER","ipAddress":"unknown","level":"info","message":"AUDIT_LOG","resource":"AUTH","status":"SUCCESS","timestamp":"2026-09-15T08:15:50.809Z","user":"user-admin-001"}
{"action":"PERMISSION_CHECK","ipAddress":"unknown","level":"info","message":"AUDIT_LOG","resource":"notification:read","status":"SUCCESS","timestamp":"2026-09-15T08:15:50.810Z","user":"user-admin-001"}
{"action":"TOKEN_VERIFICATION","ipAddress":"unknown","level":"info","message":"AUDIT_LOG","resource":"ACCESS","status":"SUCCESS","timestamp":"2026-09-15T08:15:50.816Z","user":"user-admin-001"}
{"action":"GET_BOOKMARKS","ipAddress":"unknown","level":"info","message":"AUDIT_LOG","resource":"BOOKMARKS","status":"SUCCESS","timestamp":"2026-09-15T08:15:50.825Z","user":{"value":"user-admin-001"}}
{"action":"GET_CURRENT_USER","ipAddress":"unknown","level":"info","message":"AUDIT_LOG","resource":"AUTH","status":"SUCCESS","timestamp":"2026-09-15T08:15:50.837Z","user":"user-admin-001"}
{"action":"PERMISSION_CHECK","ipAddress":"unknown","level":"info","message":"AUDIT_LOG","resource":"user_data:read","status":"SUCCESS","timestamp":"2026-09-15T08:15:50.839Z","user":"user-admin-001"}
{"level":"info","message":"Processing job: AuditLogRequestedEvent","timestamp":"2026-09-15T08:15:50.844Z"}
{"action":"TOKEN_VERIFICATION","ipAddress":"unknown","level":"info","message":"AUDIT_LOG","resource":"ACCESS","status":"SUCCESS","timestamp":"2026-09-15T08:15:50.852Z","user":"user-admin-001"}
{"action":"GET_READING_HISTORY","ipAddress":"unknown","level":"info","message":"AUDIT_LOG","resource":"HISTORY","status":"SUCCESS","timestamp":"2026-09-15T08:15:50.858Z","user":{"value":"user-admin-001"}}
{"action":"TOKEN_VERIFICATION","ipAddress":"unknown","level":"info","message":"AUDIT_LOG","resource":"ACCESS","status":"SUCCESS","timestamp":"2026-09-15T08:15:50.866Z","user":"user-admin-001"}
{"action":"GET_CURRENT_USER","ipAddress":"unknown","level":"info","message":"AUDIT_LOG","resource":"AUTH","status":"SUCCESS","timestamp":"2026-09-15T08:15:50.871Z","user":"user-admin-001"}
{"action":"PERMISSION_CHECK","ipAddress":"unknown","level":"info","message":"AUDIT_LOG","resource":"user_data:read","status":"SUCCESS","timestamp":"2026-09-15T08:15:50.872Z","user":"user-admin-001"}
{"action":"GET_BOOKMARKS","ipAddress":"unknown","level":"info","message":"AUDIT_LOG","resource":"BOOKMARKS","status":"SUCCESS","timestamp":"2026-09-15T08:15:50.877Z","user":{"value":"user-admin-001"}}
{"action":"GET_CURRENT_USER","ipAddress":"unknown","level":"info","message":"AUDIT_LOG","resource":"AUTH","status":"SUCCESS","timestamp":"2026-09-15T08:15:50.884Z","user":"user-admin-001"}
{"level":"info","message":"Processing job: AuditLogRequestedEvent","timestamp":"2026-09-15T08:15:50.911Z"}
{"action":"TOKEN_VERIFICATION","ipAddress":"unknown","level":"info","message":"AUDIT_LOG","resource":"ACCESS","status":"SUCCESS","timestamp":"2026-09-15T08:22:18.453Z","user":"user-admin-001"}
{"action":"TOKEN_VERIFICATION","ipAddress":"unknown","level":"info","message":"AUDIT_LOG","resource":"ACCESS","status":"SUCCESS","timestamp":"2026-09-15T08:22:18.461Z","user":"user-admin-001"}
{"action":"TOKEN_VERIFICATION","ipAddress":"unknown","level":"info","message":"AUDIT_LOG","resource":"ACCESS","status":"SUCCESS","timestamp":"2026-09-15T08:22:18.469Z","user":"user-admin-001"}
{"action":"TOKEN_VERIFICATION","ipAddress":"unknown","level":"info","message":"AUDIT_LOG","resource":"ACCESS","status":"SUCCESS","timestamp":"2026-09-15T08:22:18.480Z","user":"user-admin-001"}
{"action":"GET_CURRENT_USER","ipAddress":"unknown","level":"info","message":"AUDIT_LOG","resource":"AUTH","status":"SUCCESS","timestamp":"2026-09-15T08:22:18.503Z","user":"user-admin-001"}
{"action":"PERMISSION_CHECK","ipAddress":"unknown","level":"info","message":"AUDIT_LOG","resource":"notification:read","status":"SUCCESS","timestamp":"2026-09-15T08:22:18.505Z","user":"user-admin-001"}
{"action":"GET_CURRENT_USER","ipAddress":"unknown","level":"info","message":"AUDIT_LOG","resource":"AUTH","status":"SUCCESS","timestamp":"2026-09-15T08:22:18.549Z","user":"user-admin-001"}
{"action":"GET_CURRENT_USER","ipAddress":"unknown","level":"info","message":"AUDIT_LOG","resource":"AUTH","status":"SUCCESS","timestamp":"2026-09-15T08:22:18.555Z","user":"user-admin-001"}
{"action":"PERMISSION_CHECK","ipAddress":"unknown","level":"info","message":"AUDIT_LOG","resource":"user_data:read","status":"SUCCESS","timestamp":"2026-09-15T08:22:18.556Z","user":"user-admin-001"}
{"action":"TOKEN_VERIFICATION","ipAddress":"unknown","level":"info","message":"AUDIT_LOG","resource":"ACCESS","status":"SUCCESS","timestamp":"2026-09-15T08:22:18.561Z","user":"user-admin-001"}
{"action":"GET_CURRENT_USER","ipAddress":"unknown","level":"info","message":"AUDIT_LOG","resource":"AUTH","status":"SUCCESS","timestamp":"2026-09-15T08:22:18.567Z","user":"user-admin-001"}
{"action":"PERMISSION_CHECK","ipAddress":"unknown","level":"info","message":"AUDIT_LOG","resource":"notification:read","status":"SUCCESS","timestamp":"2026-09-15T08:22:18.568Z","user":"user-admin-001"}
{"action":"GET_READING_HISTORY","ipAddress":"unknown","level":"info","message":"AUDIT_LOG","resource":"HISTORY","status":"SUCCESS","timestamp":"2026-09-15T08:22:18.575Z","user":{"value":"user-admin-001"}}
{"level":"info","message":"Processing job: AuditLogRequestedEvent","timestamp":"2026-09-15T08:22:18.589Z"}
{"action":"TOKEN_VERIFICATION","ipAddress":"unknown","level":"info","message":"AUDIT_LOG","resource":"ACCESS","status":"SUCCESS","timestamp":"2026-09-15T08:22:18.604Z","user":"user-admin-001"}
{"action":"TOKEN_VERIFICATION","ipAddress":"unknown","level":"info","message":"AUDIT_LOG","resource":"ACCESS","status":"SUCCESS","timestamp":"2026-09-15T08:22:18.612Z","user":"user-admin-001"}
{"action":"GET_CURRENT_USER","ipAddress":"unknown","level":"info","message":"AUDIT_LOG","resource":"AUTH","status":"SUCCESS","timestamp":"2026-09-15T08:22:18.616Z","user":"user-admin-001"}
{"action":"PERMISSION_CHECK","ipAddress":"unknown","level":"info","message":"AUDIT_LOG","resource":"user_data:read","status":"SUCCESS","timestamp":"2026-09-15T08:22:18.617Z","user":"user-admin-001"}
{"action":"GET_CURRENT_USER","ipAddress":"unknown","level":"info","message":"AUDIT_LOG","resource":"AUTH","status":"SUCCESS","timestamp":"2026-09-15T08:22:18.621Z","user":"user-admin-001"}
{"action":"PERMISSION_CHECK","ipAddress":"unknown","level":"info","message":"AUDIT_LOG","resource":"user_data:read","status":"SUCCESS","timestamp":"2026-09-15T08:22:18.622Z","user":"user-admin-001"}
{"action":"GET_READING_HISTORY","ipAddress":"unknown","level":"info","message":"AUDIT_LOG","resource":"HISTORY","status":"SUCCESS","timestamp":"2026-09-15T08:22:18.630Z","user":{"value":"user-admin-001"}}
{"action":"GET_BOOKMARKS","ipAddress":"unknown","level":"info","message":"AUDIT_LOG","resource":"BOOKMARKS","status":"SUCCESS","timestamp":"2026-09-15T08:22:18.634Z","user":{"value":"user-admin-001"}}
{"action":"GET_CURRENT_USER","ipAddress":"unknown","level":"info","message":"AUDIT_LOG","resource":"AUTH","status":"SUCCESS","timestamp":"2026-09-15T08:22:18.637Z","user":"user-admin-001"}
{"action":"TOKEN_VERIFICATION","ipAddress":"unknown","level":"info","message":"AUDIT_LOG","resource":"ACCESS","status":"SUCCESS","timestamp":"2026-09-15T08:22:18.650Z","user":"user-admin-001"}
{"action":"GET_CURRENT_USER","ipAddress":"unknown","level":"info","message":"AUDIT_LOG","resource":"AUTH","status":"SUCCESS","timestamp":"2026-09-15T08:22:18.657Z","user":"user-admin-001"}
{"action":"PERMISSION_CHECK","ipAddress":"unknown","level":"info","message":"AUDIT_LOG","resource":"user_data:read","status":"SUCCESS","timestamp":"2026-09-15T08:22:18.658Z","user":"user-admin-001"}
{"action":"GET_BOOKMARKS","ipAddress":"unknown","level":"info","message":"AUDIT_LOG","resource":"BOOKMARKS","status":"SUCCESS","timestamp":"2026-09-15T08:22:18.662Z","user":{"value":"user-admin-001"}}
{"level":"info","message":"Processing job: AuditLogRequestedEvent","timestamp":"2026-09-15T08:22:18.671Z"}
{"action":"TOKEN_VERIFICATION","ipAddress":"unknown","level":"info","message":"AUDIT_LOG","resource":"ACCESS","status":"SUCCESS","timestamp":"2026-09-15T08:24:06.942Z","user":"user-admin-001"}
{"action":"GET_CURRENT_USER","ipAddress":"unknown","level":"info","message":"AUDIT_LOG","resource":"AUTH","status":"SUCCESS","timestamp":"2026-09-15T08:24:06.947Z","user":"user-admin-001"}
{"action":"PERMISSION_CHECK","ipAddress":"unknown","level":"info","message":"AUDIT_LOG","resource":"notification:read","status":"SUCCESS","timestamp":"2026-09-15T08:24:06.949Z","user":"user-admin-001"}
{"action":"TOKEN_VERIFICATION","ipAddress":"unknown","level":"info","message":"AUDIT_LOG","resource":"ACCESS","status":"SUCCESS","timestamp":"2026-09-15T08:24:06.984Z","user":"user-admin-001"}
{"action":"TOKEN_VERIFICATION","ipAddress":"unknown","level":"info","message":"AUDIT_LOG","resource":"ACCESS","status":"SUCCESS","timestamp":"2026-09-15T08:24:07.007Z","user":"user-admin-001"}
{"action":"GET_CURRENT_USER","ipAddress":"unknown","level":"info","message":"AUDIT_LOG","resource":"AUTH","status":"SUCCESS","timestamp":"2026-09-15T08:24:07.013Z","user":"user-admin-001"}
{"action":"TOKEN_VERIFICATION","ipAddress":"unknown","level":"info","message":"AUDIT_LOG","resource":"ACCESS","status":"SUCCESS","timestamp":"2026-09-15T08:24:07.039Z","user":"user-admin-001"}
{"level":"info","message":"Processing job: AuditLogRequestedEvent","timestamp":"2026-09-15T08:24:07.065Z"}
{"action":"GET_CURRENT_USER","ipAddress":"unknown","level":"info","message":"AUDIT_LOG","resource":"AUTH","status":"SUCCESS","timestamp":"2026-09-15T08:24:07.088Z","user":"user-admin-001"}
{"action":"PERMISSION_CHECK","ipAddress":"unknown","level":"info","message":"AUDIT_LOG","resource":"user_data:read","status":"SUCCESS","timestamp":"2026-09-15T08:24:07.102Z","user":"user-admin-001"}
{"action":"GET_READING_HISTORY","ipAddress":"unknown","level":"info","message":"AUDIT_LOG","resource":"HISTORY","status":"SUCCESS","timestamp":"2026-09-15T08:24:07.112Z","user":{"value":"user-admin-001"}}
{"action":"GET_CURRENT_USER","ipAddress":"unknown","level":"info","message":"AUDIT_LOG","resource":"AUTH","status":"SUCCESS","timestamp":"2026-09-15T08:24:07.119Z","user":"user-admin-001"}
{"action":"PERMISSION_CHECK","ipAddress":"unknown","level":"info","message":"AUDIT_LOG","resource":"user_data:read","status":"SUCCESS","timestamp":"2026-09-15T08:24:07.120Z","user":"user-admin-001"}
{"action":"TOKEN_VERIFICATION","ipAddress":"unknown","level":"info","message":"AUDIT_LOG","resource":"ACCESS","status":"SUCCESS","timestamp":"2026-09-15T08:24:07.135Z","user":"user-admin-001"}
{"action":"GET_CURRENT_USER","ipAddress":"unknown","level":"info","message":"AUDIT_LOG","resource":"AUTH","status":"SUCCESS","timestamp":"2026-09-15T08:24:07.141Z","user":"user-admin-001"}
{"action":"PERMISSION_CHECK","ipAddress":"unknown","level":"info","message":"AUDIT_LOG","resource":"notification:read","status":"SUCCESS","timestamp":"2026-09-15T08:24:07.142Z","user":"user-admin-001"}
{"action":"GET_BOOKMARKS","ipAddress":"unknown","level":"info","message":"AUDIT_LOG","resource":"BOOKMARKS","status":"SUCCESS","timestamp":"2026-09-15T08:24:07.145Z","user":{"value":"user-admin-001"}}
{"action":"TOKEN_VERIFICATION","ipAddress":"unknown","level":"info","message":"AUDIT_LOG","resource":"ACCESS","status":"SUCCESS","timestamp":"2026-09-15T08:24:07.160Z","user":"user-admin-001"}
{"action":"TOKEN_VERIFICATION","ipAddress":"unknown","level":"info","message":"AUDIT_LOG","resource":"ACCESS","status":"SUCCESS","timestamp":"2026-09-15T08:24:07.166Z","user":"user-admin-001"}
{"action":"GET_CURRENT_USER","ipAddress":"unknown","level":"info","message":"AUDIT_LOG","resource":"AUTH","status":"SUCCESS","timestamp":"2026-09-15T08:24:07.176Z","user":"user-admin-001"}
{"action":"GET_CURRENT_USER","ipAddress":"unknown","level":"info","message":"AUDIT_LOG","resource":"AUTH","status":"SUCCESS","timestamp":"2026-09-15T08:24:07.193Z","user":"user-admin-001"}
{"action":"PERMISSION_CHECK","ipAddress":"unknown","level":"info","message":"AUDIT_LOG","resource":"user_data:read","status":"SUCCESS","timestamp":"2026-09-15T08:24:07.202Z","user":"user-admin-001"}
{"action":"GET_READING_HISTORY","ipAddress":"unknown","level":"info","message":"AUDIT_LOG","resource":"HISTORY","status":"SUCCESS","timestamp":"2026-09-15T08:24:07.223Z","user":{"value":"user-admin-001"}}
{"level":"info","message":"Processing job: AuditLogRequestedEvent","timestamp":"2026-09-15T08:24:07.235Z"}
{"action":"TOKEN_VERIFICATION","ipAddress":"unknown","level":"info","message":"AUDIT_LOG","resource":"ACCESS","status":"SUCCESS","timestamp":"2026-09-15T08:24:07.266Z","user":"user-admin-001"}
{"action":"GET_CURRENT_USER","ipAddress":"unknown","level":"info","message":"AUDIT_LOG","resource":"AUTH","status":"SUCCESS","timestamp":"2026-09-15T08:24:07.271Z","user":"user-admin-001"}
{"action":"PERMISSION_CHECK","ipAddress":"unknown","level":"info","message":"AUDIT_LOG","resource":"user_data:read","status":"SUCCESS","timestamp":"2026-09-15T08:24:07.272Z","user":"user-admin-001"}
{"action":"GET_BOOKMARKS","ipAddress":"unknown","level":"info","message":"AUDIT_LOG","resource":"BOOKMARKS","status":"SUCCESS","timestamp":"2026-09-15T08:24:07.277Z","user":{"value":"user-admin-001"}}
{"action":"TOKEN_VERIFICATION","ipAddress":"unknown","level":"info","message":"AUDIT_LOG","resource":"ACCESS","status":"SUCCESS","timestamp":"2026-09-15T08:24:17.789Z","user":"user-admin-001"}
{"action":"TOKEN_VERIFICATION","ipAddress":"unknown","level":"info","message":"AUDIT_LOG","resource":"ACCESS","status":"SUCCESS","timestamp":"2026-09-15T08:24:17.797Z","user":"user-admin-001"}
{"action":"TOKEN_VERIFICATION","ipAddress":"unknown","level":"info","message":"AUDIT_LOG","resource":"ACCESS","status":"SUCCESS","timestamp":"2026-09-15T08:24:17.803Z","user":"user-admin-001"}
{"action":"TOKEN_VERIFICATION","ipAddress":"unknown","level":"info","message":"AUDIT_LOG","resource":"ACCESS","status":"SUCCESS","timestamp":"2026-09-15T08:24:17.816Z","user":"user-admin-001"}
{"action":"GET_CURRENT_USER","ipAddress":"unknown","level":"info","message":"AUDIT_LOG","resource":"AUTH","status":"SUCCESS","timestamp":"2026-09-15T08:24:17.829Z","user":"user-admin-001"}
{"action":"PERMISSION_CHECK","ipAddress":"unknown","level":"info","message":"AUDIT_LOG","resource":"notification:read","status":"SUCCESS","timestamp":"2026-09-15T08:24:17.830Z","user":"user-admin-001"}
{"action":"GET_CURRENT_USER","ipAddress":"unknown","level":"info","message":"AUDIT_LOG","resource":"AUTH","status":"SUCCESS","timestamp":"2026-09-15T08:24:17.866Z","user":"user-admin-001"}
{"action":"TOKEN_VERIFICATION","ipAddress":"unknown","level":"info","message":"AUDIT_LOG","resource":"ACCESS","status":"SUCCESS","timestamp":"2026-09-15T08:24:17.884Z","user":"user-admin-001"}
{"action":"GET_CURRENT_USER","ipAddress":"unknown","level":"info","message":"AUDIT_LOG","resource":"AUTH","status":"SUCCESS","timestamp":"2026-09-15T08:24:17.893Z","user":"user-admin-001"}
{"action":"PERMISSION_CHECK","ipAddress":"unknown","level":"info","message":"AUDIT_LOG","resource":"user_data:read","status":"SUCCESS","timestamp":"2026-09-15T08:24:17.894Z","user":"user-admin-001"}
{"action":"GET_CURRENT_USER","ipAddress":"unknown","level":"info","message":"AUDIT_LOG","resource":"AUTH","status":"SUCCESS","timestamp":"2026-09-15T08:24:17.897Z","user":"user-admin-001"}
{"action":"PERMISSION_CHECK","ipAddress":"unknown","level":"info","message":"AUDIT_LOG","resource":"notification:read","status":"SUCCESS","timestamp":"2026-09-15T08:24:17.898Z","user":"user-admin-001"}
{"level":"info","message":"Processing job: AuditLogRequestedEvent","timestamp":"2026-09-15T08:24:17.901Z"}
{"action":"TOKEN_VERIFICATION","ipAddress":"unknown","level":"info","message":"AUDIT_LOG","resource":"ACCESS","status":"SUCCESS","timestamp":"2026-09-15T08:24:17.907Z","user":"user-admin-001"}
{"action":"GET_CURRENT_USER","ipAddress":"unknown","level":"info","message":"AUDIT_LOG","resource":"AUTH","status":"SUCCESS","timestamp":"2026-09-15T08:24:17.909Z","user":"user-admin-001"}
{"action":"PERMISSION_CHECK","ipAddress":"unknown","level":"info","message":"AUDIT_LOG","resource":"user_data:read","status":"SUCCESS","timestamp":"2026-09-15T08:24:17.910Z","user":"user-admin-001"}
{"action":"GET_BOOKMARKS","ipAddress":"unknown","level":"info","message":"AUDIT_LOG","resource":"BOOKMARKS","status":"SUCCESS","timestamp":"2026-09-15T08:24:17.912Z","user":{"value":"user-admin-001"}}
{"action":"GET_CURRENT_USER","ipAddress":"unknown","level":"info","message":"AUDIT_LOG","resource":"AUTH","status":"SUCCESS","timestamp":"2026-09-15T08:24:17.920Z","user":"user-admin-001"}
{"action":"GET_READING_HISTORY","ipAddress":"unknown","level":"info","message":"AUDIT_LOG","resource":"HISTORY","status":"SUCCESS","timestamp":"2026-09-15T08:24:17.923Z","user":{"value":"user-admin-001"}}
{"action":"TOKEN_VERIFICATION","ipAddress":"unknown","level":"info","message":"AUDIT_LOG","resource":"ACCESS","status":"SUCCESS","timestamp":"2026-09-15T08:24:17.930Z","user":"user-admin-001"}
{"action":"TOKEN_VERIFICATION","ipAddress":"unknown","level":"info","message":"AUDIT_LOG","resource":"ACCESS","status":"SUCCESS","timestamp":"2026-09-15T08:24:17.937Z","user":"user-admin-001"}
{"action":"GET_CURRENT_USER","ipAddress":"unknown","level":"info","message":"AUDIT_LOG","resource":"AUTH","status":"SUCCESS","timestamp":"2026-09-15T08:24:17.940Z","user":"user-admin-001"}
{"action":"PERMISSION_CHECK","ipAddress":"unknown","level":"info","message":"AUDIT_LOG","resource":"user_data:read","status":"SUCCESS","timestamp":"2026-09-15T08:24:17.941Z","user":"user-admin-001"}
{"action":"GET_BOOKMARKS","ipAddress":"unknown","level":"info","message":"AUDIT_LOG","resource":"BOOKMARKS","status":"SUCCESS","timestamp":"2026-09-15T08:24:17.948Z","user":{"value":"user-admin-001"}}
{"action":"GET_CURRENT_USER","ipAddress":"unknown","level":"info","message":"AUDIT_LOG","resource":"AUTH","status":"SUCCESS","timestamp":"2026-09-15T08:24:17.952Z","user":"user-admin-001"}
{"action":"PERMISSION_CHECK","ipAddress":"unknown","level":"info","message":"AUDIT_LOG","resource":"user_data:read","status":"SUCCESS","timestamp":"2026-09-15T08:24:17.952Z","user":"user-admin-001"}
{"level":"info","message":"Processing job: AuditLogRequestedEvent","timestamp":"2026-09-15T08:24:17.955Z"}
{"action":"GET_READING_HISTORY","ipAddress":"unknown","level":"info","message":"AUDIT_LOG","resource":"HISTORY","status":"SUCCESS","timestamp":"2026-09-15T08:24:17.958Z","user":{"value":"user-admin-001"}}
{"action":"TOKEN_VERIFICATION","ipAddress":"unknown","level":"info","message":"AUDIT_LOG","resource":"ACCESS","status":"SUCCESS","timestamp":"2026-09-15T08:24:44.784Z","user":"user-admin-001"}
{"action":"TOKEN_VERIFICATION","ipAddress":"unknown","level":"info","message":"AUDIT_LOG","resource":"ACCESS","status":"SUCCESS","timestamp":"2026-09-15T08:24:44.792Z","user":"user-admin-001"}
{"action":"TOKEN_VERIFICATION","ipAddress":"unknown","level":"info","message":"AUDIT_LOG","resource":"ACCESS","status":"SUCCESS","timestamp":"2026-09-15T08:24:44.799Z","user":"user-admin-001"}
{"action":"TOKEN_VERIFICATION","ipAddress":"unknown","level":"info","message":"AUDIT_LOG","resource":"ACCESS","status":"SUCCESS","timestamp":"2026-09-15T08:24:44.805Z","user":"user-admin-001"}
{"action":"TOKEN_VERIFICATION","ipAddress":"unknown","level":"info","message":"AUDIT_LOG","resource":"ACCESS","status":"SUCCESS","timestamp":"2026-09-15T08:24:44.811Z","user":"user-admin-001"}
{"action":"GET_CURRENT_USER","ipAddress":"unknown","level":"info","message":"AUDIT_LOG","resource":"AUTH","status":"SUCCESS","timestamp":"2026-09-15T08:24:44.861Z","user":"user-admin-001"}
{"action":"PERMISSION_CHECK","ipAddress":"unknown","level":"info","message":"AUDIT_LOG","resource":"entity:read","status":"SUCCESS","timestamp":"2026-09-15T08:24:44.864Z","user":"user-admin-001"}
{"action":"GET_CURRENT_USER","ipAddress":"unknown","level":"info","message":"AUDIT_LOG","resource":"AUTH","status":"SUCCESS","timestamp":"2026-09-15T08:24:44.882Z","user":"user-admin-001"}
{"action":"PERMISSION_CHECK","ipAddress":"unknown","level":"info","message":"AUDIT_LOG","resource":"user_data:read","status":"SUCCESS","timestamp":"2026-09-15T08:24:44.883Z","user":"user-admin-001"}
{"action":"GET_CURRENT_USER","ipAddress":"unknown","level":"info","message":"AUDIT_LOG","resource":"AUTH","status":"SUCCESS","timestamp":"2026-09-15T08:24:44.889Z","user":"user-admin-001"}
{"action":"PERMISSION_CHECK","ipAddress":"unknown","level":"info","message":"AUDIT_LOG","resource":"notification:read","status":"SUCCESS","timestamp":"2026-09-15T08:24:44.890Z","user":"user-admin-001"}
{"action":"GET_CURRENT_USER","ipAddress":"unknown","level":"info","message":"AUDIT_LOG","resource":"AUTH","status":"SUCCESS","timestamp":"2026-09-15T08:24:44.893Z","user":"user-admin-001"}
{"action":"PERMISSION_CHECK","ipAddress":"unknown","level":"info","message":"AUDIT_LOG","resource":"user_data:read","status":"SUCCESS","timestamp":"2026-09-15T08:24:44.894Z","user":"user-admin-001"}
{"action":"GET_READING_HISTORY","ipAddress":"unknown","level":"info","message":"AUDIT_LOG","resource":"HISTORY","status":"SUCCESS","timestamp":"2026-09-15T08:24:44.900Z","user":{"value":"user-admin-001"}}
{"action":"GET_BOOKMARKS","ipAddress":"unknown","level":"info","message":"AUDIT_LOG","resource":"BOOKMARKS","status":"SUCCESS","timestamp":"2026-09-15T08:24:44.908Z","user":{"value":"user-admin-001"}}
{"action":"TOKEN_VERIFICATION","ipAddress":"unknown","level":"info","message":"AUDIT_LOG","resource":"ACCESS","status":"SUCCESS","timestamp":"2026-09-15T08:24:44.914Z","user":"user-admin-001"}
{"action":"GET_CURRENT_USER","ipAddress":"unknown","level":"info","message":"AUDIT_LOG","resource":"AUTH","status":"SUCCESS","timestamp":"2026-09-15T08:24:44.917Z","user":"user-admin-001"}
{"action":"TOKEN_VERIFICATION","ipAddress":"unknown","level":"info","message":"AUDIT_LOG","resource":"ACCESS","status":"SUCCESS","timestamp":"2026-09-15T08:24:44.922Z","user":"user-admin-001"}
{"action":"GET_CURRENT_USER","ipAddress":"unknown","level":"info","message":"AUDIT_LOG","resource":"AUTH","status":"SUCCESS","timestamp":"2026-09-15T08:24:44.927Z","user":"user-admin-001"}
{"action":"PERMISSION_CHECK","ipAddress":"unknown","level":"info","message":"AUDIT_LOG","resource":"user_data:read","status":"SUCCESS","timestamp":"2026-09-15T08:24:44.927Z","user":"user-admin-001"}
{"action":"TOKEN_VERIFICATION","ipAddress":"unknown","level":"info","message":"AUDIT_LOG","resource":"ACCESS","status":"SUCCESS","timestamp":"2026-09-15T08:24:44.931Z","user":"user-admin-001"}
{"action":"GET_READING_HISTORY","ipAddress":"unknown","level":"info","message":"AUDIT_LOG","resource":"HISTORY","status":"SUCCESS","timestamp":"2026-09-15T08:24:44.935Z","user":{"value":"user-admin-001"}}
{"action":"GET_CURRENT_USER","ipAddress":"unknown","level":"info","message":"AUDIT_LOG","resource":"AUTH","status":"SUCCESS","timestamp":"2026-09-15T08:24:44.940Z","user":"user-admin-001"}
{"action":"PERMISSION_CHECK","ipAddress":"unknown","level":"info","message":"AUDIT_LOG","resource":"notification:read","status":"SUCCESS","timestamp":"2026-09-15T08:24:44.940Z","user":"user-admin-001"}
{"action":"GET_CURRENT_USER","ipAddress":"unknown","level":"info","message":"AUDIT_LOG","resource":"AUTH","status":"SUCCESS","timestamp":"2026-09-15T08:24:44.945Z","user":"user-admin-001"}
{"action":"PERMISSION_CHECK","ipAddress":"unknown","level":"info","message":"AUDIT_LOG","resource":"user_data:read","status":"SUCCESS","timestamp":"2026-09-15T08:24:44.946Z","user":"user-admin-001"}
{"level":"info","message":"Processing job: AuditLogRequestedEvent","timestamp":"2026-09-15T08:24:44.964Z"}
{"action":"GET_BOOKMARKS","ipAddress":"unknown","level":"info","message":"AUDIT_LOG","resource":"BOOKMARKS","status":"SUCCESS","timestamp":"2026-09-15T08:24:44.969Z","user":{"value":"user-admin-001"}}
{"action":"TOKEN_VERIFICATION","ipAddress":"unknown","level":"info","message":"AUDIT_LOG","resource":"ACCESS","status":"SUCCESS","timestamp":"2026-09-15T08:24:44.978Z","user":"user-admin-001"}
{"action":"TOKEN_VERIFICATION","ipAddress":"unknown","level":"info","message":"AUDIT_LOG","resource":"ACCESS","status":"SUCCESS","timestamp":"2026-09-15T08:24:44.983Z","user":"user-admin-001"}
{"action":"GET_CURRENT_USER","ipAddress":"unknown","level":"info","message":"AUDIT_LOG","resource":"AUTH","status":"SUCCESS","timestamp":"2026-09-15T08:24:44.986Z","user":"user-admin-001"}
{"action":"GET_CURRENT_USER","ipAddress":"unknown","level":"info","message":"AUDIT_LOG","resource":"AUTH","status":"SUCCESS","timestamp":"2026-09-15T08:24:44.990Z","user":"user-admin-001"}
{"action":"PERMISSION_CHECK","ipAddress":"unknown","level":"info","message":"AUDIT_LOG","resource":"entity:read","status":"SUCCESS","timestamp":"2026-09-15T08:24:44.993Z","user":"user-admin-001"}
{"level":"info","message":"Processing job: AuditLogRequestedEvent","timestamp":"2026-09-15T08:24:45.007Z"}
{"action":"TOKEN_VERIFICATION","ipAddress":"unknown","level":"info","message":"AUDIT_LOG","resource":"ACCESS","status":"SUCCESS","timestamp":"2026-09-15T08:24:55.203Z","user":"user-admin-001"}
{"action":"GET_CURRENT_USER","ipAddress":"unknown","level":"info","message":"AUDIT_LOG","resource":"AUTH","status":"SUCCESS","timestamp":"2026-09-15T08:24:55.209Z","user":"user-admin-001"}
{"action":"PERMISSION_CHECK","ipAddress":"unknown","level":"info","message":"AUDIT_LOG","resource":"entity:read","status":"SUCCESS","timestamp":"2026-09-15T08:24:55.210Z","user":"user-admin-001"}
{"action":"TOKEN_VERIFICATION","ipAddress":"unknown","level":"info","message":"AUDIT_LOG","resource":"ACCESS","status":"SUCCESS","timestamp":"2026-09-15T08:24:55.237Z","user":"user-admin-001"}
{"action":"TOKEN_VERIFICATION","ipAddress":"unknown","level":"info","message":"AUDIT_LOG","resource":"ACCESS","status":"SUCCESS","timestamp":"2026-09-15T08:24:55.245Z","user":"user-admin-001"}
{"action":"TOKEN_VERIFICATION","ipAddress":"unknown","level":"info","message":"AUDIT_LOG","resource":"ACCESS","status":"SUCCESS","timestamp":"2026-09-15T08:24:55.252Z","user":"user-admin-001"}
{"action":"TOKEN_VERIFICATION","ipAddress":"unknown","level":"info","message":"AUDIT_LOG","resource":"ACCESS","status":"SUCCESS","timestamp":"2026-09-15T08:24:55.258Z","user":"user-admin-001"}
{"action":"TOKEN_VERIFICATION","ipAddress":"unknown","level":"info","message":"AUDIT_LOG","resource":"ACCESS","status":"SUCCESS","timestamp":"2026-09-15T08:24:55.282Z","user":"user-admin-001"}
{"action":"GET_CURRENT_USER","ipAddress":"unknown","level":"info","message":"AUDIT_LOG","resource":"AUTH","status":"SUCCESS","timestamp":"2026-09-15T08:24:55.322Z","user":"user-admin-001"}
{"action":"PERMISSION_CHECK","ipAddress":"unknown","level":"info","message":"AUDIT_LOG","resource":"notification:read","status":"SUCCESS","timestamp":"2026-09-15T08:24:55.323Z","user":"user-admin-001"}
{"action":"GET_CURRENT_USER","ipAddress":"unknown","level":"info","message":"AUDIT_LOG","resource":"AUTH","status":"SUCCESS","timestamp":"2026-09-15T08:24:55.327Z","user":"user-admin-001"}
{"action":"GET_CURRENT_USER","ipAddress":"unknown","level":"info","message":"AUDIT_LOG","resource":"AUTH","status":"SUCCESS","timestamp":"2026-09-15T08:24:55.344Z","user":"user-admin-001"}
{"action":"PERMISSION_CHECK","ipAddress":"unknown","level":"info","message":"AUDIT_LOG","resource":"user_data:read","status":"SUCCESS","timestamp":"2026-09-15T08:24:55.346Z","user":"user-admin-001"}
{"action":"GET_CURRENT_USER","ipAddress":"unknown","level":"info","message":"AUDIT_LOG","resource":"AUTH","status":"SUCCESS","timestamp":"2026-09-15T08:24:55.349Z","user":"user-admin-001"}
{"action":"PERMISSION_CHECK","ipAddress":"unknown","level":"info","message":"AUDIT_LOG","resource":"user_data:read","status":"SUCCESS","timestamp":"2026-09-15T08:24:55.351Z","user":"user-admin-001"}
{"action":"GET_READING_HISTORY","ipAddress":"unknown","level":"info","message":"AUDIT_LOG","resource":"HISTORY","status":"SUCCESS","timestamp":"2026-09-15T08:24:55.358Z","user":{"value":"user-admin-001"}}
{"action":"GET_BOOKMARKS","ipAddress":"unknown","level":"info","message":"AUDIT_LOG","resource":"BOOKMARKS","status":"SUCCESS","timestamp":"2026-09-15T08:24:55.362Z","user":{"value":"user-admin-001"}}
{"action":"TOKEN_VERIFICATION","ipAddress":"unknown","level":"info","message":"AUDIT_LOG","resource":"ACCESS","status":"SUCCESS","timestamp":"2026-09-15T08:24:55.393Z","user":"user-admin-001"}
{"action":"GET_CURRENT_USER","ipAddress":"unknown","level":"info","message":"AUDIT_LOG","resource":"AUTH","status":"SUCCESS","timestamp":"2026-09-15T08:24:55.397Z","user":"user-admin-001"}
{"action":"PERMISSION_CHECK","ipAddress":"unknown","level":"info","message":"AUDIT_LOG","resource":"entity:read","status":"SUCCESS","timestamp":"2026-09-15T08:24:55.399Z","user":"user-admin-001"}
{"level":"info","message":"Processing job: AuditLogRequestedEvent","timestamp":"2026-09-15T08:24:55.405Z"}
{"action":"GET_CURRENT_USER","ipAddress":"unknown","level":"info","message":"AUDIT_LOG","resource":"AUTH","status":"SUCCESS","timestamp":"2026-09-15T08:24:55.419Z","user":"user-admin-001"}
{"action":"PERMISSION_CHECK","ipAddress":"unknown","level":"info","message":"AUDIT_LOG","resource":"notification:read","status":"SUCCESS","timestamp":"2026-09-15T08:24:55.420Z","user":"user-admin-001"}
{"action":"TOKEN_VERIFICATION","ipAddress":"unknown","level":"info","message":"AUDIT_LOG","resource":"ACCESS","status":"SUCCESS","timestamp":"2026-09-15T08:24:55.431Z","user":"user-admin-001"}
{"action":"TOKEN_VERIFICATION","ipAddress":"unknown","level":"info","message":"AUDIT_LOG","resource":"ACCESS","status":"SUCCESS","timestamp":"2026-09-15T08:24:55.436Z","user":"user-admin-001"}
{"action":"TOKEN_VERIFICATION","ipAddress":"unknown","level":"info","message":"AUDIT_LOG","resource":"ACCESS","status":"SUCCESS","timestamp":"2026-09-15T08:24:55.441Z","user":"user-admin-001"}
{"action":"GET_CURRENT_USER","ipAddress":"unknown","level":"info","message":"AUDIT_LOG","resource":"AUTH","status":"SUCCESS","timestamp":"2026-09-15T08:24:55.457Z","user":"user-admin-001"}
{"action":"GET_CURRENT_USER","ipAddress":"unknown","level":"info","message":"AUDIT_LOG","resource":"AUTH","status":"SUCCESS","timestamp":"2026-09-15T08:24:55.460Z","user":"user-admin-001"}
{"action":"PERMISSION_CHECK","ipAddress":"unknown","level":"info","message":"AUDIT_LOG","resource":"user_data:read","status":"SUCCESS","timestamp":"2026-09-15T08:24:55.461Z","user":"user-admin-001"}
{"action":"GET_CURRENT_USER","ipAddress":"unknown","level":"info","message":"AUDIT_LOG","resource":"AUTH","status":"SUCCESS","timestamp":"2026-09-15T08:24:55.464Z","user":"user-admin-001"}
{"action":"PERMISSION_CHECK","ipAddress":"unknown","level":"info","message":"AUDIT_LOG","resource":"user_data:read","status":"SUCCESS","timestamp":"2026-09-15T08:24:55.465Z","user":"user-admin-001"}
{"action":"GET_READING_HISTORY","ipAddress":"unknown","level":"info","message":"AUDIT_LOG","resource":"HISTORY","status":"SUCCESS","timestamp":"2026-09-15T08:24:55.471Z","user":{"value":"user-admin-001"}}
{"action":"GET_BOOKMARKS","ipAddress":"unknown","level":"info","message":"AUDIT_LOG","resource":"BOOKMARKS","status":"SUCCESS","timestamp":"2026-09-15T08:24:55.480Z","user":{"value":"user-admin-001"}}
{"level":"info","message":"Processing job: AuditLogRequestedEvent","timestamp":"2026-09-15T08:24:55.491Z"}
{"action":"TOKEN_VERIFICATION","ipAddress":"unknown","level":"info","message":"AUDIT_LOG","resource":"ACCESS","status":"SUCCESS","timestamp":"2026-09-15T08:25:43.284Z","user":"user-admin-001"}
{"action":"TOKEN_VERIFICATION","ipAddress":"unknown","level":"info","message":"AUDIT_LOG","resource":"ACCESS","status":"SUCCESS","timestamp":"2026-09-15T08:25:43.290Z","user":"user-admin-001"}
{"action":"TOKEN_VERIFICATION","ipAddress":"unknown","level":"info","message":"AUDIT_LOG","resource":"ACCESS","status":"SUCCESS","timestamp":"2026-09-15T08:25:43.298Z","user":"user-admin-001"}
{"action":"TOKEN_VERIFICATION","ipAddress":"unknown","level":"info","message":"AUDIT_LOG","resource":"ACCESS","status":"SUCCESS","timestamp":"2026-09-15T08:25:43.309Z","user":"user-admin-001"}
{"action":"GET_CURRENT_USER","ipAddress":"unknown","level":"info","message":"AUDIT_LOG","resource":"AUTH","status":"SUCCESS","timestamp":"2026-09-15T08:25:43.313Z","user":"user-admin-001"}
{"action":"PERMISSION_CHECK","ipAddress":"unknown","level":"info","message":"AUDIT_LOG","resource":"entity:read","status":"SUCCESS","timestamp":"2026-09-15T08:25:43.314Z","user":"user-admin-001"}
{"action":"TOKEN_VERIFICATION","ipAddress":"unknown","level":"info","message":"AUDIT_LOG","resource":"ACCESS","status":"SUCCESS","timestamp":"2026-09-15T08:25:43.321Z","user":"user-admin-001"}
{"action":"TOKEN_VERIFICATION","ipAddress":"unknown","level":"info","message":"AUDIT_LOG","resource":"ACCESS","status":"SUCCESS","timestamp":"2026-09-15T08:25:43.370Z","user":"user-admin-001"}
{"action":"GET_CURRENT_USER","ipAddress":"unknown","level":"info","message":"AUDIT_LOG","resource":"AUTH","status":"SUCCESS","timestamp":"2026-09-15T08:25:43.388Z","user":"user-admin-001"}
{"action":"PERMISSION_CHECK","ipAddress":"unknown","level":"info","message":"AUDIT_LOG","resource":"notification:read","status":"SUCCESS","timestamp":"2026-09-15T08:25:43.390Z","user":"user-admin-001"}
{"action":"GET_CURRENT_USER","ipAddress":"unknown","level":"info","message":"AUDIT_LOG","resource":"AUTH","status":"SUCCESS","timestamp":"2026-09-15T08:25:43.394Z","user":"user-admin-001"}
{"action":"GET_CURRENT_USER","ipAddress":"unknown","level":"info","message":"AUDIT_LOG","resource":"AUTH","status":"SUCCESS","timestamp":"2026-09-15T08:25:43.399Z","user":"user-admin-001"}
{"action":"PERMISSION_CHECK","ipAddress":"unknown","level":"info","message":"AUDIT_LOG","resource":"user_data:read","status":"SUCCESS","timestamp":"2026-09-15T08:25:43.400Z","user":"user-admin-001"}
{"action":"GET_CURRENT_USER","ipAddress":"unknown","level":"info","message":"AUDIT_LOG","resource":"AUTH","status":"SUCCESS","timestamp":"2026-09-15T08:25:43.404Z","user":"user-admin-001"}
{"action":"PERMISSION_CHECK","ipAddress":"unknown","level":"info","message":"AUDIT_LOG","resource":"user_data:read","status":"SUCCESS","timestamp":"2026-09-15T08:25:43.405Z","user":"user-admin-001"}
{"action":"GET_BOOKMARKS","ipAddress":"unknown","level":"info","message":"AUDIT_LOG","resource":"BOOKMARKS","status":"SUCCESS","timestamp":"2026-09-15T08:25:43.414Z","user":{"value":"user-admin-001"}}
{"action":"GET_READING_HISTORY","ipAddress":"unknown","level":"info","message":"AUDIT_LOG","resource":"HISTORY","status":"SUCCESS","timestamp":"2026-09-15T08:25:43.428Z","user":{"value":"user-admin-001"}}
{"action":"TOKEN_VERIFICATION","ipAddress":"unknown","level":"info","message":"AUDIT_LOG","resource":"ACCESS","status":"SUCCESS","timestamp":"2026-09-15T08:25:43.451Z","user":"user-admin-001"}
{"action":"TOKEN_VERIFICATION","ipAddress":"unknown","level":"info","message":"AUDIT_LOG","resource":"ACCESS","status":"SUCCESS","timestamp":"2026-09-15T08:25:43.461Z","user":"user-admin-001"}
{"level":"info","message":"Processing job: AuditLogRequestedEvent","timestamp":"2026-09-15T08:25:43.466Z"}
{"action":"TOKEN_VERIFICATION","ipAddress":"unknown","level":"info","message":"AUDIT_LOG","resource":"ACCESS","status":"SUCCESS","timestamp":"2026-09-15T08:25:43.477Z","user":"user-admin-001"}
{"action":"GET_CURRENT_USER","ipAddress":"unknown","level":"info","message":"AUDIT_LOG","resource":"AUTH","status":"SUCCESS","timestamp":"2026-09-15T08:25:43.481Z","user":"user-admin-001"}
{"action":"PERMISSION_CHECK","ipAddress":"unknown","level":"info","message":"AUDIT_LOG","resource":"entity:read","status":"SUCCESS","timestamp":"2026-09-15T08:25:43.482Z","user":"user-admin-001"}
{"action":"GET_CURRENT_USER","ipAddress":"unknown","level":"info","message":"AUDIT_LOG","resource":"AUTH","status":"SUCCESS","timestamp":"2026-09-15T08:25:43.486Z","user":"user-admin-001"}
{"action":"PERMISSION_CHECK","ipAddress":"unknown","level":"info","message":"AUDIT_LOG","resource":"notification:read","status":"SUCCESS","timestamp":"2026-09-15T08:25:43.487Z","user":"user-admin-001"}
{"action":"TOKEN_VERIFICATION","ipAddress":"unknown","level":"info","message":"AUDIT_LOG","resource":"ACCESS","status":"SUCCESS","timestamp":"2026-09-15T08:25:43.495Z","user":"user-admin-001"}
{"action":"GET_CURRENT_USER","ipAddress":"unknown","level":"info","message":"AUDIT_LOG","resource":"AUTH","status":"SUCCESS","timestamp":"2026-09-15T08:25:43.499Z","user":"user-admin-001"}
{"action":"PERMISSION_CHECK","ipAddress":"unknown","level":"info","message":"AUDIT_LOG","resource":"user_data:read","status":"SUCCESS","timestamp":"2026-09-15T08:25:43.500Z","user":"user-admin-001"}
{"action":"GET_CURRENT_USER","ipAddress":"unknown","level":"info","message":"AUDIT_LOG","resource":"AUTH","status":"SUCCESS","timestamp":"2026-09-15T08:25:43.514Z","user":"user-admin-001"}
{"action":"PERMISSION_CHECK","ipAddress":"unknown","level":"info","message":"AUDIT_LOG","resource":"user_data:read","status":"SUCCESS","timestamp":"2026-09-15T08:25:43.516Z","user":"user-admin-001"}
{"action":"GET_CURRENT_USER","ipAddress":"unknown","level":"info","message":"AUDIT_LOG","resource":"AUTH","status":"SUCCESS","timestamp":"2026-09-15T08:25:43.519Z","user":"user-admin-001"}
{"action":"GET_READING_HISTORY","ipAddress":"unknown","level":"info","message":"AUDIT_LOG","resource":"HISTORY","status":"SUCCESS","timestamp":"2026-09-15T08:25:43.531Z","user":{"value":"user-admin-001"}}
{"action":"GET_BOOKMARKS","ipAddress":"unknown","level":"info","message":"AUDIT_LOG","resource":"BOOKMARKS","status":"SUCCESS","timestamp":"2026-09-15T08:25:43.536Z","user":{"value":"user-admin-001"}}
{"level":"info","message":"Processing job: AuditLogRequestedEvent","timestamp":"2026-09-15T08:25:43.561Z"}
{"action":"TOKEN_VERIFICATION","ipAddress":"unknown","level":"info","message":"AUDIT_LOG","resource":"ACCESS","status":"SUCCESS","timestamp":"2026-09-15T08:36:20.042Z","user":"user-admin-001"}
{"action":"TOKEN_VERIFICATION","ipAddress":"unknown","level":"info","message":"AUDIT_LOG","resource":"ACCESS","status":"SUCCESS","timestamp":"2026-09-15T08:36:20.054Z","user":"user-admin-001"}
{"action":"TOKEN_VERIFICATION","ipAddress":"unknown","level":"info","message":"AUDIT_LOG","resource":"ACCESS","status":"SUCCESS","timestamp":"2026-09-15T08:36:20.065Z","user":"user-admin-001"}
{"action":"TOKEN_VERIFICATION","ipAddress":"unknown","level":"info","message":"AUDIT_LOG","resource":"ACCESS","status":"SUCCESS","timestamp":"2026-09-15T08:36:20.085Z","user":"user-admin-001"}
{"action":"TOKEN_VERIFICATION","ipAddress":"unknown","level":"info","message":"AUDIT_LOG","resource":"ACCESS","status":"SUCCESS","timestamp":"2026-09-15T08:36:20.094Z","user":"user-admin-001"}
{"action":"GET_CURRENT_USER","ipAddress":"unknown","level":"info","message":"AUDIT_LOG","resource":"AUTH","status":"SUCCESS","timestamp":"2026-09-15T08:36:20.097Z","user":"user-admin-001"}
{"action":"PERMISSION_CHECK","ipAddress":"unknown","level":"info","message":"AUDIT_LOG","resource":"entity:read","status":"SUCCESS","timestamp":"2026-09-15T08:36:20.098Z","user":"user-admin-001"}
{"action":"GET_CURRENT_USER","ipAddress":"unknown","level":"info","message":"AUDIT_LOG","resource":"AUTH","status":"SUCCESS","timestamp":"2026-09-15T08:36:20.146Z","user":"user-admin-001"}
{"action":"PERMISSION_CHECK","ipAddress":"unknown","level":"info","message":"AUDIT_LOG","resource":"user:read","status":"SUCCESS","timestamp":"2026-09-15T08:36:20.147Z","user":"user-admin-001"}
{"action":"GET_CURRENT_USER","ipAddress":"unknown","level":"info","message":"AUDIT_LOG","resource":"AUTH","status":"SUCCESS","timestamp":"2026-09-15T08:36:20.164Z","user":"user-admin-001"}
{"action":"PERMISSION_CHECK","ipAddress":"unknown","level":"info","message":"AUDIT_LOG","resource":"relationship:read","status":"SUCCESS","timestamp":"2026-09-15T08:36:20.164Z","user":"user-admin-001"}
{"action":"LIST_USERS","ipAddress":"::1","level":"info","message":"AUDIT_LOG","resource":"AUTH","status":"SUCCESS","timestamp":"2026-09-15T08:36:20.185Z","user":"user-admin-001"}
{"action":"GET_CURRENT_USER","ipAddress":"unknown","level":"info","message":"AUDIT_LOG","resource":"AUTH","status":"SUCCESS","timestamp":"2026-09-15T08:36:20.192Z","user":"user-admin-001"}
{"action":"PERMISSION_CHECK","ipAddress":"unknown","level":"info","message":"AUDIT_LOG","resource":"audit:read","status":"SUCCESS","timestamp":"2026-09-15T08:36:20.193Z","user":"user-admin-001"}
{"action":"TOKEN_VERIFICATION","ipAddress":"unknown","level":"info","message":"AUDIT_LOG","resource":"ACCESS","status":"SUCCESS","timestamp":"2026-09-15T08:36:20.199Z","user":"user-admin-001"}
{"action":"GET_CURRENT_USER","ipAddress":"unknown","level":"info","message":"AUDIT_LOG","resource":"AUTH","status":"SUCCESS","timestamp":"2026-09-15T08:36:20.204Z","user":"user-admin-001"}
{"action":"PERMISSION_CHECK","ipAddress":"unknown","level":"info","message":"AUDIT_LOG","resource":"source:read","status":"SUCCESS","timestamp":"2026-09-15T08:36:20.205Z","user":"user-admin-001"}
{"action":"GET_CURRENT_USER","ipAddress":"unknown","level":"info","message":"AUDIT_LOG","resource":"AUTH","status":"SUCCESS","timestamp":"2026-09-15T08:36:20.217Z","user":"user-admin-001"}
{"action":"PERMISSION_CHECK","ipAddress":"unknown","level":"info","message":"AUDIT_LOG","resource":"entity:read","status":"SUCCESS","timestamp":"2026-09-15T08:36:20.218Z","user":"user-admin-001"}
{"action":"TOKEN_VERIFICATION","ipAddress":"unknown","level":"info","message":"AUDIT_LOG","resource":"ACCESS","status":"SUCCESS","timestamp":"2026-09-15T08:36:20.226Z","user":"user-admin-001"}
{"action":"GET_CURRENT_USER","ipAddress":"unknown","level":"info","message":"AUDIT_LOG","resource":"AUTH","status":"SUCCESS","timestamp":"2026-09-15T08:36:20.245Z","user":"user-admin-001"}
{"action":"PERMISSION_CHECK","ipAddress":"unknown","level":"info","message":"AUDIT_LOG","resource":"user:read","status":"SUCCESS","timestamp":"2026-09-15T08:36:20.246Z","user":"user-admin-001"}
{"action":"TOKEN_VERIFICATION","ipAddress":"unknown","level":"info","message":"AUDIT_LOG","resource":"ACCESS","status":"SUCCESS","timestamp":"2026-09-15T08:36:20.252Z","user":"user-admin-001"}
{"action":"LIST_USERS","ipAddress":"::1","level":"info","message":"AUDIT_LOG","resource":"AUTH","status":"SUCCESS","timestamp":"2026-09-15T08:36:20.257Z","user":"user-admin-001"}
{"action":"GET_CURRENT_USER","ipAddress":"unknown","level":"info","message":"AUDIT_LOG","resource":"AUTH","status":"SUCCESS","timestamp":"2026-09-15T08:36:20.262Z","user":"user-admin-001"}
{"action":"PERMISSION_CHECK","ipAddress":"unknown","level":"info","message":"AUDIT_LOG","resource":"relationship:read","status":"SUCCESS","timestamp":"2026-09-15T08:36:20.263Z","user":"user-admin-001"}
{"action":"TOKEN_VERIFICATION","ipAddress":"unknown","level":"info","message":"AUDIT_LOG","resource":"ACCESS","status":"SUCCESS","timestamp":"2026-09-15T08:36:20.270Z","user":"user-admin-001"}
{"action":"GET_CURRENT_USER","ipAddress":"unknown","level":"info","message":"AUDIT_LOG","resource":"AUTH","status":"SUCCESS","timestamp":"2026-09-15T08:36:20.276Z","user":"user-admin-001"}
{"action":"PERMISSION_CHECK","ipAddress":"unknown","level":"info","message":"AUDIT_LOG","resource":"source:read","status":"SUCCESS","timestamp":"2026-09-15T08:36:20.277Z","user":"user-admin-001"}
{"action":"TOKEN_VERIFICATION","ipAddress":"unknown","level":"info","message":"AUDIT_LOG","resource":"ACCESS","status":"SUCCESS","timestamp":"2026-09-15T08:36:20.304Z","user":"user-admin-001"}
{"action":"GET_CURRENT_USER","ipAddress":"unknown","level":"info","message":"AUDIT_LOG","resource":"AUTH","status":"SUCCESS","timestamp":"2026-09-15T08:36:20.311Z","user":"user-admin-001"}
{"action":"PERMISSION_CHECK","ipAddress":"unknown","level":"info","message":"AUDIT_LOG","resource":"audit:read","status":"SUCCESS","timestamp":"2026-09-15T08:36:20.312Z","user":"user-admin-001"}
{"action":"TOKEN_VERIFICATION","ipAddress":"unknown","level":"info","message":"AUDIT_LOG","resource":"ACCESS","status":"SUCCESS","timestamp":"2026-09-15T08:39:48.611Z","user":"user-admin-001"}
{"action":"TOKEN_VERIFICATION","ipAddress":"unknown","level":"info","message":"AUDIT_LOG","resource":"ACCESS","status":"SUCCESS","timestamp":"2026-09-15T08:39:48.627Z","user":"user-admin-001"}
{"action":"TOKEN_VERIFICATION","ipAddress":"unknown","level":"info","message":"AUDIT_LOG","resource":"ACCESS","status":"SUCCESS","timestamp":"2026-09-15T08:39:48.638Z","user":"user-admin-001"}
{"action":"TOKEN_VERIFICATION","ipAddress":"unknown","level":"info","message":"AUDIT_LOG","resource":"ACCESS","status":"SUCCESS","timestamp":"2026-09-15T08:39:48.654Z","user":"user-admin-001"}
{"action":"GET_CURRENT_USER","ipAddress":"unknown","level":"info","message":"AUDIT_LOG","resource":"AUTH","status":"SUCCESS","timestamp":"2026-09-15T08:39:48.674Z","user":"user-admin-001"}
{"action":"PERMISSION_CHECK","ipAddress":"unknown","level":"info","message":"AUDIT_LOG","resource":"entity:read","status":"SUCCESS","timestamp":"2026-09-15T08:39:48.676Z","user":"user-admin-001"}
{"action":"TOKEN_VERIFICATION","ipAddress":"unknown","level":"info","message":"AUDIT_LOG","resource":"ACCESS","status":"SUCCESS","timestamp":"2026-09-15T08:39:48.827Z","user":"user-admin-001"}
{"action":"GET_CURRENT_USER","ipAddress":"unknown","level":"info","message":"AUDIT_LOG","resource":"AUTH","status":"SUCCESS","timestamp":"2026-09-15T08:39:48.872Z","user":"user-admin-001"}
{"action":"PERMISSION_CHECK","ipAddress":"unknown","level":"info","message":"AUDIT_LOG","resource":"user:read","status":"SUCCESS","timestamp":"2026-09-15T08:39:48.874Z","user":"user-admin-001"}
{"action":"GET_CURRENT_USER","ipAddress":"unknown","level":"info","message":"AUDIT_LOG","resource":"AUTH","status":"SUCCESS","timestamp":"2026-09-15T08:39:48.878Z","user":"user-admin-001"}
{"action":"PERMISSION_CHECK","ipAddress":"unknown","level":"info","message":"AUDIT_LOG","resource":"relationship:read","status":"SUCCESS","timestamp":"2026-09-15T08:39:48.880Z","user":"user-admin-001"}
{"action":"LIST_USERS","ipAddress":"::1","level":"info","message":"AUDIT_LOG","resource":"AUTH","status":"SUCCESS","timestamp":"2026-09-15T08:39:48.895Z","user":"user-admin-001"}
{"action":"GET_CURRENT_USER","ipAddress":"unknown","level":"info","message":"AUDIT_LOG","resource":"AUTH","status":"SUCCESS","timestamp":"2026-09-15T08:39:48.901Z","user":"user-admin-001"}
{"action":"PERMISSION_CHECK","ipAddress":"unknown","level":"info","message":"AUDIT_LOG","resource":"source:read","status":"SUCCESS","timestamp":"2026-09-15T08:39:48.902Z","user":"user-admin-001"}
{"action":"TOKEN_VERIFICATION","ipAddress":"unknown","level":"info","message":"AUDIT_LOG","resource":"ACCESS","status":"SUCCESS","timestamp":"2026-09-15T08:39:48.940Z","user":"user-admin-001"}
{"action":"GET_CURRENT_USER","ipAddress":"unknown","level":"info","message":"AUDIT_LOG","resource":"AUTH","status":"SUCCESS","timestamp":"2026-09-15T08:39:48.951Z","user":"user-admin-001"}
{"action":"PERMISSION_CHECK","ipAddress":"unknown","level":"info","message":"AUDIT_LOG","resource":"audit:read","status":"SUCCESS","timestamp":"2026-09-15T08:39:48.953Z","user":"user-admin-001"}
{"action":"TOKEN_VERIFICATION","ipAddress":"unknown","level":"info","message":"AUDIT_LOG","resource":"ACCESS","status":"SUCCESS","timestamp":"2026-09-15T08:39:48.960Z","user":"user-admin-001"}
{"action":"GET_CURRENT_USER","ipAddress":"unknown","level":"info","message":"AUDIT_LOG","resource":"AUTH","status":"SUCCESS","timestamp":"2026-09-15T08:39:48.967Z","user":"user-admin-001"}
{"action":"PERMISSION_CHECK","ipAddress":"unknown","level":"info","message":"AUDIT_LOG","resource":"entity:read","status":"SUCCESS","timestamp":"2026-09-15T08:39:48.968Z","user":"user-admin-001"}
{"action":"TOKEN_VERIFICATION","ipAddress":"unknown","level":"info","message":"AUDIT_LOG","resource":"ACCESS","status":"SUCCESS","timestamp":"2026-09-15T08:39:48.980Z","user":"user-admin-001"}
{"action":"GET_CURRENT_USER","ipAddress":"unknown","level":"info","message":"AUDIT_LOG","resource":"AUTH","status":"SUCCESS","timestamp":"2026-09-15T08:39:48.994Z","user":"user-admin-001"}
{"action":"PERMISSION_CHECK","ipAddress":"unknown","level":"info","message":"AUDIT_LOG","resource":"user:read","status":"SUCCESS","timestamp":"2026-09-15T08:39:48.996Z","user":"user-admin-001"}
{"action":"GET_CURRENT_USER","ipAddress":"unknown","level":"info","message":"AUDIT_LOG","resource":"AUTH","status":"SUCCESS","timestamp":"2026-09-15T08:39:48.999Z","user":"user-admin-001"}
{"action":"PERMISSION_CHECK","ipAddress":"unknown","level":"info","message":"AUDIT_LOG","resource":"relationship:read","status":"SUCCESS","timestamp":"2026-09-15T08:39:49.000Z","user":"user-admin-001"}
{"action":"LIST_USERS","ipAddress":"::1","level":"info","message":"AUDIT_LOG","resource":"AUTH","status":"SUCCESS","timestamp":"2026-09-15T08:39:49.013Z","user":"user-admin-001"}
{"action":"TOKEN_VERIFICATION","ipAddress":"unknown","level":"info","message":"AUDIT_LOG","resource":"ACCESS","status":"SUCCESS","timestamp":"2026-09-15T08:39:49.046Z","user":"user-admin-001"}
{"action":"GET_CURRENT_USER","ipAddress":"unknown","level":"info","message":"AUDIT_LOG","resource":"AUTH","status":"SUCCESS","timestamp":"2026-09-15T08:39:49.053Z","user":"user-admin-001"}
{"action":"PERMISSION_CHECK","ipAddress":"unknown","level":"info","message":"AUDIT_LOG","resource":"source:read","status":"SUCCESS","timestamp":"2026-09-15T08:39:49.054Z","user":"user-admin-001"}
{"action":"TOKEN_VERIFICATION","ipAddress":"unknown","level":"info","message":"AUDIT_LOG","resource":"ACCESS","status":"SUCCESS","timestamp":"2026-09-15T08:39:49.186Z","user":"user-admin-001"}
{"action":"GET_CURRENT_USER","ipAddress":"unknown","level":"info","message":"AUDIT_LOG","resource":"AUTH","status":"SUCCESS","timestamp":"2026-09-15T08:39:49.192Z","user":"user-admin-001"}
{"action":"PERMISSION_CHECK","ipAddress":"unknown","level":"info","message":"AUDIT_LOG","resource":"audit:read","status":"SUCCESS","timestamp":"2026-09-15T08:39:49.196Z","user":"user-admin-001"}
{"action":"TOKEN_VERIFICATION","ipAddress":"unknown","level":"info","message":"AUDIT_LOG","resource":"ACCESS","status":"SUCCESS","timestamp":"2026-09-15T08:42:57.896Z","user":"user-admin-001"}
{"action":"TOKEN_VERIFICATION","ipAddress":"unknown","level":"info","message":"AUDIT_LOG","resource":"ACCESS","status":"SUCCESS","timestamp":"2026-09-15T08:42:57.913Z","user":"user-admin-001"}
{"action":"TOKEN_VERIFICATION","ipAddress":"unknown","level":"info","message":"AUDIT_LOG","resource":"ACCESS","status":"SUCCESS","timestamp":"2026-09-15T08:42:57.936Z","user":"user-admin-001"}
{"action":"TOKEN_VERIFICATION","ipAddress":"unknown","level":"info","message":"AUDIT_LOG","resource":"ACCESS","status":"SUCCESS","timestamp":"2026-09-15T08:42:57.944Z","user":"user-admin-001"}
{"action":"GET_CURRENT_USER","ipAddress":"unknown","level":"info","message":"AUDIT_LOG","resource":"AUTH","status":"SUCCESS","timestamp":"2026-09-15T08:42:57.962Z","user":"user-admin-001"}
{"action":"PERMISSION_CHECK","ipAddress":"unknown","level":"info","message":"AUDIT_LOG","resource":"entity:read","status":"SUCCESS","timestamp":"2026-09-15T08:42:57.963Z","user":"user-admin-001"}
{"action":"GET_CURRENT_USER","ipAddress":"unknown","level":"info","message":"AUDIT_LOG","resource":"AUTH","status":"SUCCESS","timestamp":"2026-09-15T08:42:58.004Z","user":"user-admin-001"}
{"action":"PERMISSION_CHECK","ipAddress":"unknown","level":"info","message":"AUDIT_LOG","resource":"source:read","status":"SUCCESS","timestamp":"2026-09-15T08:42:58.005Z","user":"user-admin-001"}
{"action":"GET_CURRENT_USER","ipAddress":"unknown","level":"info","message":"AUDIT_LOG","resource":"AUTH","status":"SUCCESS","timestamp":"2026-09-15T08:42:58.008Z","user":"user-admin-001"}
{"action":"PERMISSION_CHECK","ipAddress":"unknown","level":"info","message":"AUDIT_LOG","resource":"relationship:read","status":"SUCCESS","timestamp":"2026-09-15T08:42:58.009Z","user":"user-admin-001"}
{"action":"TOKEN_VERIFICATION","ipAddress":"unknown","level":"info","message":"AUDIT_LOG","resource":"ACCESS","status":"SUCCESS","timestamp":"2026-09-15T08:42:58.024Z","user":"user-admin-001"}
{"action":"GET_CURRENT_USER","ipAddress":"unknown","level":"info","message":"AUDIT_LOG","resource":"AUTH","status":"SUCCESS","timestamp":"2026-09-15T08:42:58.032Z","user":"user-admin-001"}
{"action":"PERMISSION_CHECK","ipAddress":"unknown","level":"info","message":"AUDIT_LOG","resource":"audit:read","status":"SUCCESS","timestamp":"2026-09-15T08:42:58.033Z","user":"user-admin-001"}
{"action":"TOKEN_VERIFICATION","ipAddress":"unknown","level":"info","message":"AUDIT_LOG","resource":"ACCESS","status":"SUCCESS","timestamp":"2026-09-15T08:42:58.047Z","user":"user-admin-001"}
{"action":"GET_CURRENT_USER","ipAddress":"unknown","level":"info","message":"AUDIT_LOG","resource":"AUTH","status":"SUCCESS","timestamp":"2026-09-15T08:42:58.052Z","user":"user-admin-001"}
{"action":"PERMISSION_CHECK","ipAddress":"unknown","level":"info","message":"AUDIT_LOG","resource":"user:read","status":"SUCCESS","timestamp":"2026-09-15T08:42:58.054Z","user":"user-admin-001"}
{"action":"GET_CURRENT_USER","ipAddress":"unknown","level":"info","message":"AUDIT_LOG","resource":"AUTH","status":"SUCCESS","timestamp":"2026-09-15T08:42:58.059Z","user":"user-admin-001"}
{"action":"PERMISSION_CHECK","ipAddress":"unknown","level":"info","message":"AUDIT_LOG","resource":"entity:read","status":"SUCCESS","timestamp":"2026-09-15T08:42:58.117Z","user":"user-admin-001"}
{"action":"LIST_USERS","ipAddress":"::1","level":"info","message":"AUDIT_LOG","resource":"AUTH","status":"SUCCESS","timestamp":"2026-09-15T08:42:58.137Z","user":"user-admin-001"}
{"action":"TOKEN_VERIFICATION","ipAddress":"unknown","level":"info","message":"AUDIT_LOG","resource":"ACCESS","status":"SUCCESS","timestamp":"2026-09-15T08:42:58.149Z","user":"user-admin-001"}
{"action":"TOKEN_VERIFICATION","ipAddress":"unknown","level":"info","message":"AUDIT_LOG","resource":"ACCESS","status":"SUCCESS","timestamp":"2026-09-15T08:42:58.165Z","user":"user-admin-001"}
{"action":"TOKEN_VERIFICATION","ipAddress":"unknown","level":"info","message":"AUDIT_LOG","resource":"ACCESS","status":"SUCCESS","timestamp":"2026-09-15T08:42:58.173Z","user":"user-admin-001"}
{"action":"GET_CURRENT_USER","ipAddress":"unknown","level":"info","message":"AUDIT_LOG","resource":"AUTH","status":"SUCCESS","timestamp":"2026-09-15T08:42:58.176Z","user":"user-admin-001"}
{"action":"PERMISSION_CHECK","ipAddress":"unknown","level":"info","message":"AUDIT_LOG","resource":"source:read","status":"SUCCESS","timestamp":"2026-09-15T08:42:58.177Z","user":"user-admin-001"}
{"action":"GET_CURRENT_USER","ipAddress":"unknown","level":"info","message":"AUDIT_LOG","resource":"AUTH","status":"SUCCESS","timestamp":"2026-09-15T08:42:58.183Z","user":"user-admin-001"}
{"action":"PERMISSION_CHECK","ipAddress":"unknown","level":"info","message":"AUDIT_LOG","resource":"relationship:read","status":"SUCCESS","timestamp":"2026-09-15T08:42:58.184Z","user":"user-admin-001"}
{"action":"TOKEN_VERIFICATION","ipAddress":"unknown","level":"info","message":"AUDIT_LOG","resource":"ACCESS","status":"SUCCESS","timestamp":"2026-09-15T08:42:58.192Z","user":"user-admin-001"}
{"action":"GET_CURRENT_USER","ipAddress":"unknown","level":"info","message":"AUDIT_LOG","resource":"AUTH","status":"SUCCESS","timestamp":"2026-09-15T08:42:58.196Z","user":"user-admin-001"}
{"action":"PERMISSION_CHECK","ipAddress":"unknown","level":"info","message":"AUDIT_LOG","resource":"user:read","status":"SUCCESS","timestamp":"2026-09-15T08:42:58.197Z","user":"user-admin-001"}
{"action":"LIST_USERS","ipAddress":"::1","level":"info","message":"AUDIT_LOG","resource":"AUTH","status":"SUCCESS","timestamp":"2026-09-15T08:42:58.227Z","user":"user-admin-001"}
{"action":"GET_CURRENT_USER","ipAddress":"unknown","level":"info","message":"AUDIT_LOG","resource":"AUTH","status":"SUCCESS","timestamp":"2026-09-15T08:42:58.236Z","user":"user-admin-001"}
{"action":"PERMISSION_CHECK","ipAddress":"unknown","level":"info","message":"AUDIT_LOG","resource":"audit:read","status":"SUCCESS","timestamp":"2026-09-15T08:42:58.242Z","user":"user-admin-001"}
{"action":"TOKEN_VERIFICATION","ipAddress":"unknown","level":"info","message":"AUDIT_LOG","resource":"ACCESS","status":"SUCCESS","timestamp":"2026-09-15T08:44:33.381Z","user":"user-admin-001"}
{"action":"GET_CURRENT_USER","ipAddress":"unknown","level":"info","message":"AUDIT_LOG","resource":"AUTH","status":"SUCCESS","timestamp":"2026-09-15T08:44:33.386Z","user":"user-admin-001"}
{"action":"PERMISSION_CHECK","ipAddress":"unknown","level":"info","message":"AUDIT_LOG","resource":"entity:read","status":"SUCCESS","timestamp":"2026-09-15T08:44:33.388Z","user":"user-admin-001"}
{"action":"TOKEN_VERIFICATION","ipAddress":"unknown","level":"info","message":"AUDIT_LOG","resource":"ACCESS","status":"SUCCESS","timestamp":"2026-09-15T08:44:33.425Z","user":"user-admin-001"}
{"action":"TOKEN_VERIFICATION","ipAddress":"unknown","level":"info","message":"AUDIT_LOG","resource":"ACCESS","status":"SUCCESS","timestamp":"2026-09-15T08:44:33.434Z","user":"user-admin-001"}
{"action":"TOKEN_VERIFICATION","ipAddress":"unknown","level":"info","message":"AUDIT_LOG","resource":"ACCESS","status":"SUCCESS","timestamp":"2026-09-15T08:44:33.440Z","user":"user-admin-001"}
{"action":"TOKEN_VERIFICATION","ipAddress":"unknown","level":"info","message":"AUDIT_LOG","resource":"ACCESS","status":"SUCCESS","timestamp":"2026-09-15T08:44:33.448Z","user":"user-admin-001"}
{"action":"TOKEN_VERIFICATION","ipAddress":"unknown","level":"info","message":"AUDIT_LOG","resource":"ACCESS","status":"SUCCESS","timestamp":"2026-09-15T08:44:33.483Z","user":"user-admin-001"}
{"action":"GET_CURRENT_USER","ipAddress":"unknown","level":"info","message":"AUDIT_LOG","resource":"AUTH","status":"SUCCESS","timestamp":"2026-09-15T08:44:33.494Z","user":"user-admin-001"}
{"action":"PERMISSION_CHECK","ipAddress":"unknown","level":"info","message":"AUDIT_LOG","resource":"entity:read","status":"SUCCESS","timestamp":"2026-09-15T08:44:33.497Z","user":"user-admin-001"}
{"action":"GET_CURRENT_USER","ipAddress":"unknown","level":"info","message":"AUDIT_LOG","resource":"AUTH","status":"SUCCESS","timestamp":"2026-09-15T08:44:33.508Z","user":"user-admin-001"}
{"action":"PERMISSION_CHECK","ipAddress":"unknown","level":"info","message":"AUDIT_LOG","resource":"audit:read","status":"SUCCESS","timestamp":"2026-09-15T08:44:33.510Z","user":"user-admin-001"}
{"action":"GET_CURRENT_USER","ipAddress":"unknown","level":"info","message":"AUDIT_LOG","resource":"AUTH","status":"SUCCESS","timestamp":"2026-09-15T08:44:33.513Z","user":"user-admin-001"}
{"action":"PERMISSION_CHECK","ipAddress":"unknown","level":"info","message":"AUDIT_LOG","resource":"relationship:read","status":"SUCCESS","timestamp":"2026-09-15T08:44:33.514Z","user":"user-admin-001"}
{"action":"GET_CURRENT_USER","ipAddress":"unknown","level":"info","message":"AUDIT_LOG","resource":"AUTH","status":"SUCCESS","timestamp":"2026-09-15T08:44:33.517Z","user":"user-admin-001"}
{"action":"PERMISSION_CHECK","ipAddress":"unknown","level":"info","message":"AUDIT_LOG","resource":"source:read","status":"SUCCESS","timestamp":"2026-09-15T08:44:33.518Z","user":"user-admin-001"}
{"action":"GET_CURRENT_USER","ipAddress":"unknown","level":"info","message":"AUDIT_LOG","resource":"AUTH","status":"SUCCESS","timestamp":"2026-09-15T08:44:33.521Z","user":"user-admin-001"}
{"action":"PERMISSION_CHECK","ipAddress":"unknown","level":"info","message":"AUDIT_LOG","resource":"user:read","status":"SUCCESS","timestamp":"2026-09-15T08:44:33.522Z","user":"user-admin-001"}
{"action":"LIST_USERS","ipAddress":"::1","level":"info","message":"AUDIT_LOG","resource":"AUTH","status":"SUCCESS","timestamp":"2026-09-15T08:44:33.544Z","user":"user-admin-001"}
{"action":"TOKEN_VERIFICATION","ipAddress":"unknown","level":"info","message":"AUDIT_LOG","resource":"ACCESS","status":"SUCCESS","timestamp":"2026-09-15T08:44:33.554Z","user":"user-admin-001"}
{"action":"TOKEN_VERIFICATION","ipAddress":"unknown","level":"info","message":"AUDIT_LOG","resource":"ACCESS","status":"SUCCESS","timestamp":"2026-09-15T08:44:33.563Z","user":"user-admin-001"}
{"action":"TOKEN_VERIFICATION","ipAddress":"unknown","level":"info","message":"AUDIT_LOG","resource":"ACCESS","status":"SUCCESS","timestamp":"2026-09-15T08:44:33.571Z","user":"user-admin-001"}
{"action":"GET_CURRENT_USER","ipAddress":"unknown","level":"info","message":"AUDIT_LOG","resource":"AUTH","status":"SUCCESS","timestamp":"2026-09-15T08:44:33.577Z","user":"user-admin-001"}
{"action":"PERMISSION_CHECK","ipAddress":"unknown","level":"info","message":"AUDIT_LOG","resource":"ontology:read","status":"SUCCESS","timestamp":"2026-09-15T08:44:33.578Z","user":"user-admin-001"}
{"action":"TOKEN_VERIFICATION","ipAddress":"unknown","level":"info","message":"AUDIT_LOG","resource":"ACCESS","status":"SUCCESS","timestamp":"2026-09-15T08:44:33.585Z","user":"user-admin-001"}
{"action":"GET_CURRENT_USER","ipAddress":"unknown","level":"info","message":"AUDIT_LOG","resource":"AUTH","status":"SUCCESS","timestamp":"2026-09-15T08:44:33.588Z","user":"user-admin-001"}
{"action":"PERMISSION_CHECK","ipAddress":"unknown","level":"info","message":"AUDIT_LOG","resource":"relationship:read","status":"SUCCESS","timestamp":"2026-09-15T08:44:33.589Z","user":"user-admin-001"}
{"action":"GET_CURRENT_USER","ipAddress":"unknown","level":"info","message":"AUDIT_LOG","resource":"AUTH","status":"SUCCESS","timestamp":"2026-09-15T08:44:33.593Z","user":"user-admin-001"}
{"action":"PERMISSION_CHECK","ipAddress":"unknown","level":"info","message":"AUDIT_LOG","resource":"audit:read","status":"SUCCESS","timestamp":"2026-09-15T08:44:33.594Z","user":"user-admin-001"}
{"action":"GET_CURRENT_USER","ipAddress":"unknown","level":"info","message":"AUDIT_LOG","resource":"AUTH","status":"SUCCESS","timestamp":"2026-09-15T08:44:33.597Z","user":"user-admin-001"}
{"action":"PERMISSION_CHECK","ipAddress":"unknown","level":"info","message":"AUDIT_LOG","resource":"source:read","status":"SUCCESS","timestamp":"2026-09-15T08:44:33.598Z","user":"user-admin-001"}
{"action":"TOKEN_VERIFICATION","ipAddress":"unknown","level":"info","message":"AUDIT_LOG","resource":"ACCESS","status":"SUCCESS","timestamp":"2026-09-15T08:44:33.624Z","user":"user-admin-001"}
{"action":"GET_CURRENT_USER","ipAddress":"unknown","level":"info","message":"AUDIT_LOG","resource":"AUTH","status":"SUCCESS","timestamp":"2026-09-15T08:44:33.628Z","user":"user-admin-001"}
{"action":"PERMISSION_CHECK","ipAddress":"unknown","level":"info","message":"AUDIT_LOG","resource":"user:read","status":"SUCCESS","timestamp":"2026-09-15T08:44:33.629Z","user":"user-admin-001"}
{"action":"LIST_USERS","ipAddress":"::1","level":"info","message":"AUDIT_LOG","resource":"AUTH","status":"SUCCESS","timestamp":"2026-09-15T08:44:33.633Z","user":"user-admin-001"}
{"action":"TOKEN_VERIFICATION","ipAddress":"unknown","level":"info","message":"AUDIT_LOG","resource":"ACCESS","status":"SUCCESS","timestamp":"2026-09-15T08:44:33.641Z","user":"user-admin-001"}
{"action":"GET_CURRENT_USER","ipAddress":"unknown","level":"info","message":"AUDIT_LOG","resource":"AUTH","status":"SUCCESS","timestamp":"2026-09-15T08:44:33.645Z","user":"user-admin-001"}
{"action":"PERMISSION_CHECK","ipAddress":"unknown","level":"info","message":"AUDIT_LOG","resource":"ontology:read","status":"SUCCESS","timestamp":"2026-09-15T08:44:33.646Z","user":"user-admin-001"}
{"action":"TOKEN_VERIFICATION","ipAddress":"unknown","level":"info","message":"AUDIT_LOG","resource":"ACCESS","status":"SUCCESS","timestamp":"2026-09-15T08:44:54.739Z","user":"user-admin-001"}
{"action":"TOKEN_VERIFICATION","ipAddress":"unknown","level":"info","message":"AUDIT_LOG","resource":"ACCESS","status":"SUCCESS","timestamp":"2026-09-15T08:44:54.753Z","user":"user-admin-001"}
{"action":"GET_CURRENT_USER","ipAddress":"unknown","level":"info","message":"AUDIT_LOG","resource":"AUTH","status":"SUCCESS","timestamp":"2026-09-15T08:44:54.763Z","user":"user-admin-001"}
{"action":"PERMISSION_CHECK","ipAddress":"unknown","level":"info","message":"AUDIT_LOG","resource":"entity:read","status":"SUCCESS","timestamp":"2026-09-15T08:44:54.764Z","user":"user-admin-001"}
{"action":"TOKEN_VERIFICATION","ipAddress":"unknown","level":"info","message":"AUDIT_LOG","resource":"ACCESS","status":"SUCCESS","timestamp":"2026-09-15T08:44:54.772Z","user":"user-admin-001"}
{"action":"TOKEN_VERIFICATION","ipAddress":"unknown","level":"info","message":"AUDIT_LOG","resource":"ACCESS","status":"SUCCESS","timestamp":"2026-09-15T08:44:54.778Z","user":"user-admin-001"}
{"action":"TOKEN_VERIFICATION","ipAddress":"unknown","level":"info","message":"AUDIT_LOG","resource":"ACCESS","status":"SUCCESS","timestamp":"2026-09-15T08:44:54.813Z","user":"user-admin-001"}
{"action":"GET_CURRENT_USER","ipAddress":"unknown","level":"info","message":"AUDIT_LOG","resource":"AUTH","status":"SUCCESS","timestamp":"2026-09-15T08:44:54.831Z","user":"user-admin-001"}
{"action":"PERMISSION_CHECK","ipAddress":"unknown","level":"info","message":"AUDIT_LOG","resource":"user:read","status":"SUCCESS","timestamp":"2026-09-15T08:44:54.832Z","user":"user-admin-001"}
{"action":"GET_CURRENT_USER","ipAddress":"unknown","level":"info","message":"AUDIT_LOG","resource":"AUTH","status":"SUCCESS","timestamp":"2026-09-15T08:44:54.837Z","user":"user-admin-001"}
{"action":"PERMISSION_CHECK","ipAddress":"unknown","level":"info","message":"AUDIT_LOG","resource":"relationship:read","status":"SUCCESS","timestamp":"2026-09-15T08:44:54.839Z","user":"user-admin-001"}
{"action":"GET_CURRENT_USER","ipAddress":"unknown","level":"info","message":"AUDIT_LOG","resource":"AUTH","status":"SUCCESS","timestamp":"2026-09-15T08:44:54.843Z","user":"user-admin-001"}
{"action":"PERMISSION_CHECK","ipAddress":"unknown","level":"info","message":"AUDIT_LOG","resource":"source:read","status":"SUCCESS","timestamp":"2026-09-15T08:44:54.844Z","user":"user-admin-001"}
{"action":"LIST_USERS","ipAddress":"::1","level":"info","message":"AUDIT_LOG","resource":"AUTH","status":"SUCCESS","timestamp":"2026-09-15T08:44:54.849Z","user":"user-admin-001"}
{"action":"TOKEN_VERIFICATION","ipAddress":"unknown","level":"info","message":"AUDIT_LOG","resource":"ACCESS","status":"SUCCESS","timestamp":"2026-09-15T08:44:54.866Z","user":"user-admin-001"}
{"action":"TOKEN_VERIFICATION","ipAddress":"unknown","level":"info","message":"AUDIT_LOG","resource":"ACCESS","status":"SUCCESS","timestamp":"2026-09-15T08:44:54.873Z","user":"user-admin-001"}
{"action":"GET_CURRENT_USER","ipAddress":"unknown","level":"info","message":"AUDIT_LOG","resource":"AUTH","status":"SUCCESS","timestamp":"2026-09-15T08:44:54.878Z","user":"user-admin-001"}
{"action":"PERMISSION_CHECK","ipAddress":"unknown","level":"info","message":"AUDIT_LOG","resource":"audit:read","status":"SUCCESS","timestamp":"2026-09-15T08:44:54.879Z","user":"user-admin-001"}
{"action":"GET_CURRENT_USER","ipAddress":"unknown","level":"info","message":"AUDIT_LOG","resource":"AUTH","status":"SUCCESS","timestamp":"2026-09-15T08:44:54.882Z","user":"user-admin-001"}
{"action":"PERMISSION_CHECK","ipAddress":"unknown","level":"info","message":"AUDIT_LOG","resource":"ontology:read","status":"SUCCESS","timestamp":"2026-09-15T08:44:54.883Z","user":"user-admin-001"}
{"action":"TOKEN_VERIFICATION","ipAddress":"unknown","level":"info","message":"AUDIT_LOG","resource":"ACCESS","status":"SUCCESS","timestamp":"2026-09-15T08:44:54.892Z","user":"user-admin-001"}
{"action":"GET_CURRENT_USER","ipAddress":"unknown","level":"info","message":"AUDIT_LOG","resource":"AUTH","status":"SUCCESS","timestamp":"2026-09-15T08:44:54.898Z","user":"user-admin-001"}
{"action":"PERMISSION_CHECK","ipAddress":"unknown","level":"info","message":"AUDIT_LOG","resource":"entity:read","status":"SUCCESS","timestamp":"2026-09-15T08:44:54.899Z","user":"user-admin-001"}
{"action":"GET_CURRENT_USER","ipAddress":"unknown","level":"info","message":"AUDIT_LOG","resource":"AUTH","status":"SUCCESS","timestamp":"2026-09-15T08:44:54.911Z","user":"user-admin-001"}
{"action":"PERMISSION_CHECK","ipAddress":"unknown","level":"info","message":"AUDIT_LOG","resource":"user:read","status":"SUCCESS","timestamp":"2026-09-15T08:44:54.912Z","user":"user-admin-001"}
{"action":"TOKEN_VERIFICATION","ipAddress":"unknown","level":"info","message":"AUDIT_LOG","resource":"ACCESS","status":"SUCCESS","timestamp":"2026-09-15T08:44:54.925Z","user":"user-admin-001"}
{"action":"LIST_USERS","ipAddress":"::1","level":"info","message":"AUDIT_LOG","resource":"AUTH","status":"SUCCESS","timestamp":"2026-09-15T08:44:54.933Z","user":"user-admin-001"}
{"action":"TOKEN_VERIFICATION","ipAddress":"unknown","level":"info","message":"AUDIT_LOG","resource":"ACCESS","status":"SUCCESS","timestamp":"2026-09-15T08:44:54.939Z","user":"user-admin-001"}
{"action":"TOKEN_VERIFICATION","ipAddress":"unknown","level":"info","message":"AUDIT_LOG","resource":"ACCESS","status":"SUCCESS","timestamp":"2026-09-15T08:44:54.945Z","user":"user-admin-001"}
{"action":"GET_CURRENT_USER","ipAddress":"unknown","level":"info","message":"AUDIT_LOG","resource":"AUTH","status":"SUCCESS","timestamp":"2026-09-15T08:44:54.956Z","user":"user-admin-001"}
{"action":"PERMISSION_CHECK","ipAddress":"unknown","level":"info","message":"AUDIT_LOG","resource":"source:read","status":"SUCCESS","timestamp":"2026-09-15T08:44:54.957Z","user":"user-admin-001"}
{"action":"TOKEN_VERIFICATION","ipAddress":"unknown","level":"info","message":"AUDIT_LOG","resource":"ACCESS","status":"SUCCESS","timestamp":"2026-09-15T08:44:54.963Z","user":"user-admin-001"}
{"action":"GET_CURRENT_USER","ipAddress":"unknown","level":"info","message":"AUDIT_LOG","resource":"AUTH","status":"SUCCESS","timestamp":"2026-09-15T08:44:54.965Z","user":"user-admin-001"}
{"action":"PERMISSION_CHECK","ipAddress":"unknown","level":"info","message":"AUDIT_LOG","resource":"relationship:read","status":"SUCCESS","timestamp":"2026-09-15T08:44:54.966Z","user":"user-admin-001"}
{"action":"GET_CURRENT_USER","ipAddress":"unknown","level":"info","message":"AUDIT_LOG","resource":"AUTH","status":"SUCCESS","timestamp":"2026-09-15T08:44:54.973Z","user":"user-admin-001"}
{"action":"PERMISSION_CHECK","ipAddress":"unknown","level":"info","message":"AUDIT_LOG","resource":"ontology:read","status":"SUCCESS","timestamp":"2026-09-15T08:44:54.974Z","user":"user-admin-001"}
{"action":"GET_CURRENT_USER","ipAddress":"unknown","level":"info","message":"AUDIT_LOG","resource":"AUTH","status":"SUCCESS","timestamp":"2026-09-15T08:44:54.978Z","user":"user-admin-001"}
{"action":"PERMISSION_CHECK","ipAddress":"unknown","level":"info","message":"AUDIT_LOG","resource":"audit:read","status":"SUCCESS","timestamp":"2026-09-15T08:44:54.979Z","user":"user-admin-001"}
{"action":"TOKEN_VERIFICATION","ipAddress":"unknown","level":"info","message":"AUDIT_LOG","resource":"ACCESS","status":"SUCCESS","timestamp":"2026-09-15T08:45:09.242Z","user":"user-admin-001"}
{"action":"GET_CURRENT_USER","ipAddress":"unknown","level":"info","message":"AUDIT_LOG","resource":"AUTH","status":"SUCCESS","timestamp":"2026-09-15T08:45:09.248Z","user":"user-admin-001"}
{"action":"PERMISSION_CHECK","ipAddress":"unknown","level":"info","message":"AUDIT_LOG","resource":"entity:read","status":"SUCCESS","timestamp":"2026-09-15T08:45:09.250Z","user":"user-admin-001"}
{"action":"TOKEN_VERIFICATION","ipAddress":"unknown","level":"info","message":"AUDIT_LOG","resource":"ACCESS","status":"SUCCESS","timestamp":"2026-09-15T08:45:09.277Z","user":"user-admin-001"}
{"action":"TOKEN_VERIFICATION","ipAddress":"unknown","level":"info","message":"AUDIT_LOG","resource":"ACCESS","status":"SUCCESS","timestamp":"2026-09-15T08:45:09.299Z","user":"user-admin-001"}
{"action":"TOKEN_VERIFICATION","ipAddress":"unknown","level":"info","message":"AUDIT_LOG","resource":"ACCESS","status":"SUCCESS","timestamp":"2026-09-15T08:45:09.311Z","user":"user-admin-001"}
{"action":"TOKEN_VERIFICATION","ipAddress":"unknown","level":"info","message":"AUDIT_LOG","resource":"ACCESS","status":"SUCCESS","timestamp":"2026-09-15T08:45:09.379Z","user":"user-admin-001"}
{"action":"GET_CURRENT_USER","ipAddress":"unknown","level":"info","message":"AUDIT_LOG","resource":"AUTH","status":"SUCCESS","timestamp":"2026-09-15T08:45:09.438Z","user":"user-admin-001"}
{"action":"PERMISSION_CHECK","ipAddress":"unknown","level":"info","message":"AUDIT_LOG","resource":"user:read","status":"SUCCESS","timestamp":"2026-09-15T08:45:09.439Z","user":"user-admin-001"}
{"action":"TOKEN_VERIFICATION","ipAddress":"unknown","level":"info","message":"AUDIT_LOG","resource":"ACCESS","status":"SUCCESS","timestamp":"2026-09-15T08:45:09.458Z","user":"user-admin-001"}
{"action":"TOKEN_VERIFICATION","ipAddress":"unknown","level":"info","message":"AUDIT_LOG","resource":"ACCESS","status":"SUCCESS","timestamp":"2026-09-15T08:45:09.466Z","user":"user-admin-001"}
{"action":"GET_CURRENT_USER","ipAddress":"unknown","level":"info","message":"AUDIT_LOG","resource":"AUTH","status":"SUCCESS","timestamp":"2026-09-15T08:45:09.482Z","user":"user-admin-001"}
{"action":"PERMISSION_CHECK","ipAddress":"unknown","level":"info","message":"AUDIT_LOG","resource":"audit:read","status":"SUCCESS","timestamp":"2026-09-15T08:45:09.483Z","user":"user-admin-001"}
{"action":"GET_CURRENT_USER","ipAddress":"unknown","level":"info","message":"AUDIT_LOG","resource":"AUTH","status":"SUCCESS","timestamp":"2026-09-15T08:45:09.486Z","user":"user-admin-001"}
{"action":"PERMISSION_CHECK","ipAddress":"unknown","level":"info","message":"AUDIT_LOG","resource":"relationship:read","status":"SUCCESS","timestamp":"2026-09-15T08:45:09.487Z","user":"user-admin-001"}
{"action":"LIST_USERS","ipAddress":"::1","level":"info","message":"AUDIT_LOG","resource":"AUTH","status":"SUCCESS","timestamp":"2026-09-15T08:45:09.490Z","user":"user-admin-001"}
{"action":"GET_CURRENT_USER","ipAddress":"unknown","level":"info","message":"AUDIT_LOG","resource":"AUTH","status":"SUCCESS","timestamp":"2026-09-15T08:45:09.500Z","user":"user-admin-001"}
{"action":"PERMISSION_CHECK","ipAddress":"unknown","level":"info","message":"AUDIT_LOG","resource":"entity:read","status":"SUCCESS","timestamp":"2026-09-15T08:45:09.501Z","user":"user-admin-001"}
{"action":"GET_CURRENT_USER","ipAddress":"unknown","level":"info","message":"AUDIT_LOG","resource":"AUTH","status":"SUCCESS","timestamp":"2026-09-15T08:45:09.523Z","user":"user-admin-001"}
{"action":"PERMISSION_CHECK","ipAddress":"unknown","level":"info","message":"AUDIT_LOG","resource":"ontology:read","status":"SUCCESS","timestamp":"2026-09-15T08:45:09.524Z","user":"user-admin-001"}
{"action":"GET_CURRENT_USER","ipAddress":"unknown","level":"info","message":"AUDIT_LOG","resource":"AUTH","status":"SUCCESS","timestamp":"2026-09-15T08:45:09.546Z","user":"user-admin-001"}
{"action":"PERMISSION_CHECK","ipAddress":"unknown","level":"info","message":"AUDIT_LOG","resource":"source:read","status":"SUCCESS","timestamp":"2026-09-15T08:45:09.551Z","user":"user-admin-001"}
{"action":"TOKEN_VERIFICATION","ipAddress":"unknown","level":"info","message":"AUDIT_LOG","resource":"ACCESS","status":"SUCCESS","timestamp":"2026-09-15T08:45:09.641Z","user":"user-admin-001"}
{"action":"TOKEN_VERIFICATION","ipAddress":"unknown","level":"info","message":"AUDIT_LOG","resource":"ACCESS","status":"SUCCESS","timestamp":"2026-09-15T08:45:09.652Z","user":"user-admin-001"}
{"action":"TOKEN_VERIFICATION","ipAddress":"unknown","level":"info","message":"AUDIT_LOG","resource":"ACCESS","status":"SUCCESS","timestamp":"2026-09-15T08:45:09.666Z","user":"user-admin-001"}
{"action":"GET_CURRENT_USER","ipAddress":"unknown","level":"info","message":"AUDIT_LOG","resource":"AUTH","status":"SUCCESS","timestamp":"2026-09-15T08:45:09.670Z","user":"user-admin-001"}
{"action":"PERMISSION_CHECK","ipAddress":"unknown","level":"info","message":"AUDIT_LOG","resource":"user:read","status":"SUCCESS","timestamp":"2026-09-15T08:45:09.679Z","user":"user-admin-001"}
{"action":"TOKEN_VERIFICATION","ipAddress":"unknown","level":"info","message":"AUDIT_LOG","resource":"ACCESS","status":"SUCCESS","timestamp":"2026-09-15T08:45:09.688Z","user":"user-admin-001"}
{"action":"GET_CURRENT_USER","ipAddress":"unknown","level":"info","message":"AUDIT_LOG","resource":"AUTH","status":"SUCCESS","timestamp":"2026-09-15T08:45:09.708Z","user":"user-admin-001"}
{"action":"PERMISSION_CHECK","ipAddress":"unknown","level":"info","message":"AUDIT_LOG","resource":"relationship:read","status":"SUCCESS","timestamp":"2026-09-15T08:45:09.709Z","user":"user-admin-001"}
{"action":"LIST_USERS","ipAddress":"::1","level":"info","message":"AUDIT_LOG","resource":"AUTH","status":"SUCCESS","timestamp":"2026-09-15T08:45:09.715Z","user":"user-admin-001"}
{"action":"GET_CURRENT_USER","ipAddress":"unknown","level":"info","message":"AUDIT_LOG","resource":"AUTH","status":"SUCCESS","timestamp":"2026-09-15T08:45:09.719Z","user":"user-admin-001"}
{"action":"PERMISSION_CHECK","ipAddress":"unknown","level":"info","message":"AUDIT_LOG","resource":"audit:read","status":"SUCCESS","timestamp":"2026-09-15T08:45:09.720Z","user":"user-admin-001"}
{"action":"TOKEN_VERIFICATION","ipAddress":"unknown","level":"info","message":"AUDIT_LOG","resource":"ACCESS","status":"SUCCESS","timestamp":"2026-09-15T08:45:09.725Z","user":"user-admin-001"}
{"action":"GET_CURRENT_USER","ipAddress":"unknown","level":"info","message":"AUDIT_LOG","resource":"AUTH","status":"SUCCESS","timestamp":"2026-09-15T08:45:09.736Z","user":"user-admin-001"}
{"action":"PERMISSION_CHECK","ipAddress":"unknown","level":"info","message":"AUDIT_LOG","resource":"ontology:read","status":"SUCCESS","timestamp":"2026-09-15T08:45:09.738Z","user":"user-admin-001"}
{"action":"GET_CURRENT_USER","ipAddress":"unknown","level":"info","message":"AUDIT_LOG","resource":"AUTH","status":"SUCCESS","timestamp":"2026-09-15T08:45:09.752Z","user":"user-admin-001"}
{"action":"PERMISSION_CHECK","ipAddress":"unknown","level":"info","message":"AUDIT_LOG","resource":"source:read","status":"SUCCESS","timestamp":"2026-09-15T08:45:09.753Z","user":"user-admin-001"}
{"action":"TOKEN_VERIFICATION","ipAddress":"unknown","level":"info","message":"AUDIT_LOG","resource":"ACCESS","status":"SUCCESS","timestamp":"2026-09-15T08:47:05.306Z","user":"user-admin-001"}
{"action":"GET_CURRENT_USER","ipAddress":"unknown","level":"info","message":"AUDIT_LOG","resource":"AUTH","status":"SUCCESS","timestamp":"2026-09-15T08:47:05.312Z","user":"user-admin-001"}
{"action":"PERMISSION_CHECK","ipAddress":"unknown","level":"info","message":"AUDIT_LOG","resource":"entity:read","status":"SUCCESS","timestamp":"2026-09-15T08:47:05.313Z","user":"user-admin-001"}
{"action":"TOKEN_VERIFICATION","ipAddress":"unknown","level":"info","message":"AUDIT_LOG","resource":"ACCESS","status":"SUCCESS","timestamp":"2026-09-15T08:47:05.484Z","user":"user-admin-001"}
{"action":"TOKEN_VERIFICATION","ipAddress":"unknown","level":"info","message":"AUDIT_LOG","resource":"ACCESS","status":"SUCCESS","timestamp":"2026-09-15T08:47:05.517Z","user":"user-admin-001"}
{"action":"TOKEN_VERIFICATION","ipAddress":"unknown","level":"info","message":"AUDIT_LOG","resource":"ACCESS","status":"SUCCESS","timestamp":"2026-09-15T08:47:05.533Z","user":"user-admin-001"}
{"action":"TOKEN_VERIFICATION","ipAddress":"unknown","level":"info","message":"AUDIT_LOG","resource":"ACCESS","status":"SUCCESS","timestamp":"2026-09-15T08:47:05.545Z","user":"user-admin-001"}
{"action":"GET_CURRENT_USER","ipAddress":"unknown","level":"info","message":"AUDIT_LOG","resource":"AUTH","status":"SUCCESS","timestamp":"2026-09-15T08:47:05.631Z","user":"user-admin-001"}
{"action":"PERMISSION_CHECK","ipAddress":"unknown","level":"info","message":"AUDIT_LOG","resource":"source:read","status":"SUCCESS","timestamp":"2026-09-15T08:47:05.633Z","user":"user-admin-001"}
{"action":"GET_CURRENT_USER","ipAddress":"unknown","level":"info","message":"AUDIT_LOG","resource":"AUTH","status":"SUCCESS","timestamp":"2026-09-15T08:47:05.655Z","user":"user-admin-001"}
{"action":"PERMISSION_CHECK","ipAddress":"unknown","level":"info","message":"AUDIT_LOG","resource":"relationship:read","status":"SUCCESS","timestamp":"2026-09-15T08:47:05.658Z","user":"user-admin-001"}
{"action":"TOKEN_VERIFICATION","ipAddress":"unknown","level":"info","message":"AUDIT_LOG","resource":"ACCESS","status":"SUCCESS","timestamp":"2026-09-15T08:47:05.667Z","user":"user-admin-001"}
{"action":"GET_CURRENT_USER","ipAddress":"unknown","level":"info","message":"AUDIT_LOG","resource":"AUTH","status":"SUCCESS","timestamp":"2026-09-15T08:47:05.672Z","user":"user-admin-001"}
{"action":"PERMISSION_CHECK","ipAddress":"unknown","level":"info","message":"AUDIT_LOG","resource":"entity:read","status":"SUCCESS","timestamp":"2026-09-15T08:47:05.674Z","user":"user-admin-001"}
{"action":"GET_CURRENT_USER","ipAddress":"unknown","level":"info","message":"AUDIT_LOG","resource":"AUTH","status":"SUCCESS","timestamp":"2026-09-15T08:47:05.680Z","user":"user-admin-001"}
{"action":"PERMISSION_CHECK","ipAddress":"unknown","level":"info","message":"AUDIT_LOG","resource":"user:read","status":"SUCCESS","timestamp":"2026-09-15T08:47:05.682Z","user":"user-admin-001"}
{"action":"GET_CURRENT_USER","ipAddress":"unknown","level":"info","message":"AUDIT_LOG","resource":"AUTH","status":"SUCCESS","timestamp":"2026-09-15T08:47:05.691Z","user":"user-admin-001"}
{"action":"PERMISSION_CHECK","ipAddress":"unknown","level":"info","message":"AUDIT_LOG","resource":"audit:read","status":"SUCCESS","timestamp":"2026-09-15T08:47:05.694Z","user":"user-admin-001"}
{"action":"TOKEN_VERIFICATION","ipAddress":"unknown","level":"info","message":"AUDIT_LOG","resource":"ACCESS","status":"SUCCESS","timestamp":"2026-09-15T08:47:05.704Z","user":"user-admin-001"}
{"action":"GET_CURRENT_USER","ipAddress":"unknown","level":"info","message":"AUDIT_LOG","resource":"AUTH","status":"SUCCESS","timestamp":"2026-09-15T08:47:05.720Z","user":"user-admin-001"}
{"action":"PERMISSION_CHECK","ipAddress":"unknown","level":"info","message":"AUDIT_LOG","resource":"ontology:read","status":"SUCCESS","timestamp":"2026-09-15T08:47:05.738Z","user":"user-admin-001"}
{"action":"LIST_USERS","ipAddress":"::1","level":"info","message":"AUDIT_LOG","resource":"AUTH","status":"SUCCESS","timestamp":"2026-09-15T08:47:05.750Z","user":"user-admin-001"}
{"action":"TOKEN_VERIFICATION","ipAddress":"unknown","level":"info","message":"AUDIT_LOG","resource":"ACCESS","status":"SUCCESS","timestamp":"2026-09-15T08:47:05.784Z","user":"user-admin-001"}
{"action":"TOKEN_VERIFICATION","ipAddress":"unknown","level":"info","message":"AUDIT_LOG","resource":"ACCESS","status":"SUCCESS","timestamp":"2026-09-15T08:47:05.794Z","user":"user-admin-001"}
{"action":"GET_CURRENT_USER","ipAddress":"unknown","level":"info","message":"AUDIT_LOG","resource":"AUTH","status":"SUCCESS","timestamp":"2026-09-15T08:47:05.799Z","user":"user-admin-001"}
{"action":"PERMISSION_CHECK","ipAddress":"unknown","level":"info","message":"AUDIT_LOG","resource":"relationship:read","status":"SUCCESS","timestamp":"2026-09-15T08:47:05.800Z","user":"user-admin-001"}
{"action":"GET_CURRENT_USER","ipAddress":"unknown","level":"info","message":"AUDIT_LOG","resource":"AUTH","status":"SUCCESS","timestamp":"2026-09-15T08:47:05.804Z","user":"user-admin-001"}
{"action":"PERMISSION_CHECK","ipAddress":"unknown","level":"info","message":"AUDIT_LOG","resource":"source:read","status":"SUCCESS","timestamp":"2026-09-15T08:47:05.805Z","user":"user-admin-001"}
{"action":"TOKEN_VERIFICATION","ipAddress":"unknown","level":"info","message":"AUDIT_LOG","resource":"ACCESS","status":"SUCCESS","timestamp":"2026-09-15T08:47:05.822Z","user":"user-admin-001"}
{"action":"TOKEN_VERIFICATION","ipAddress":"unknown","level":"info","message":"AUDIT_LOG","resource":"ACCESS","status":"SUCCESS","timestamp":"2026-09-15T08:47:05.833Z","user":"user-admin-001"}
{"action":"TOKEN_VERIFICATION","ipAddress":"unknown","level":"info","message":"AUDIT_LOG","resource":"ACCESS","status":"SUCCESS","timestamp":"2026-09-15T08:47:05.843Z","user":"user-admin-001"}
{"action":"GET_CURRENT_USER","ipAddress":"unknown","level":"info","message":"AUDIT_LOG","resource":"AUTH","status":"SUCCESS","timestamp":"2026-09-15T08:47:05.848Z","user":"user-admin-001"}
{"action":"PERMISSION_CHECK","ipAddress":"unknown","level":"info","message":"AUDIT_LOG","resource":"user:read","status":"SUCCESS","timestamp":"2026-09-15T08:47:05.849Z","user":"user-admin-001"}
{"action":"GET_CURRENT_USER","ipAddress":"unknown","level":"info","message":"AUDIT_LOG","resource":"AUTH","status":"SUCCESS","timestamp":"2026-09-15T08:47:05.853Z","user":"user-admin-001"}
{"action":"PERMISSION_CHECK","ipAddress":"unknown","level":"info","message":"AUDIT_LOG","resource":"audit:read","status":"SUCCESS","timestamp":"2026-09-15T08:47:05.854Z","user":"user-admin-001"}
{"action":"LIST_USERS","ipAddress":"::1","level":"info","message":"AUDIT_LOG","resource":"AUTH","status":"SUCCESS","timestamp":"2026-09-15T08:47:05.859Z","user":"user-admin-001"}
{"action":"GET_CURRENT_USER","ipAddress":"unknown","level":"info","message":"AUDIT_LOG","resource":"AUTH","status":"SUCCESS","timestamp":"2026-09-15T08:47:05.865Z","user":"user-admin-001"}
{"action":"PERMISSION_CHECK","ipAddress":"unknown","level":"info","message":"AUDIT_LOG","resource":"ontology:read","status":"SUCCESS","timestamp":"2026-09-15T08:47:05.866Z","user":"user-admin-001"}
{"action":"TOKEN_VERIFICATION","ipAddress":"unknown","level":"info","message":"AUDIT_LOG","resource":"ACCESS","status":"SUCCESS","timestamp":"2026-09-15T08:47:43.853Z","user":"user-admin-001"}
{"action":"TOKEN_VERIFICATION","ipAddress":"unknown","level":"info","message":"AUDIT_LOG","resource":"ACCESS","status":"SUCCESS","timestamp":"2026-09-15T08:47:43.867Z","user":"user-admin-001"}
{"action":"GET_CURRENT_USER","ipAddress":"unknown","level":"info","message":"AUDIT_LOG","resource":"AUTH","status":"SUCCESS","timestamp":"2026-09-15T08:47:43.881Z","user":"user-admin-001"}
{"action":"PERMISSION_CHECK","ipAddress":"unknown","level":"info","message":"AUDIT_LOG","resource":"entity:read","status":"SUCCESS","timestamp":"2026-09-15T08:47:43.882Z","user":"user-admin-001"}
{"action":"TOKEN_VERIFICATION","ipAddress":"unknown","level":"info","message":"AUDIT_LOG","resource":"ACCESS","status":"SUCCESS","timestamp":"2026-09-15T08:47:43.896Z","user":"user-admin-001"}
{"action":"TOKEN_VERIFICATION","ipAddress":"unknown","level":"info","message":"AUDIT_LOG","resource":"ACCESS","status":"SUCCESS","timestamp":"2026-09-15T08:47:43.903Z","user":"user-admin-001"}
{"action":"GET_CURRENT_USER","ipAddress":"unknown","level":"info","message":"AUDIT_LOG","resource":"AUTH","status":"SUCCESS","timestamp":"2026-09-15T08:47:43.916Z","user":"user-admin-001"}
{"action":"PERMISSION_CHECK","ipAddress":"unknown","level":"info","message":"AUDIT_LOG","resource":"user:read","status":"SUCCESS","timestamp":"2026-09-15T08:47:43.917Z","user":"user-admin-001"}
{"action":"TOKEN_VERIFICATION","ipAddress":"unknown","level":"info","message":"AUDIT_LOG","resource":"ACCESS","status":"SUCCESS","timestamp":"2026-09-15T08:47:43.921Z","user":"user-admin-001"}
{"action":"LIST_USERS","ipAddress":"::1","level":"info","message":"AUDIT_LOG","resource":"AUTH","status":"SUCCESS","timestamp":"2026-09-15T08:47:43.931Z","user":"user-admin-001"}
{"action":"TOKEN_VERIFICATION","ipAddress":"unknown","level":"info","message":"AUDIT_LOG","resource":"ACCESS","status":"SUCCESS","timestamp":"2026-09-15T08:47:43.955Z","user":"user-admin-001"}
{"action":"GET_CURRENT_USER","ipAddress":"unknown","level":"info","message":"AUDIT_LOG","resource":"AUTH","status":"SUCCESS","timestamp":"2026-09-15T08:47:43.964Z","user":"user-admin-001"}
{"action":"PERMISSION_CHECK","ipAddress":"unknown","level":"info","message":"AUDIT_LOG","resource":"ontology:read","status":"SUCCESS","timestamp":"2026-09-15T08:47:43.965Z","user":"user-admin-001"}
{"action":"TOKEN_VERIFICATION","ipAddress":"unknown","level":"info","message":"AUDIT_LOG","resource":"ACCESS","status":"SUCCESS","timestamp":"2026-09-15T08:47:43.973Z","user":"user-admin-001"}
{"action":"GET_CURRENT_USER","ipAddress":"unknown","level":"info","message":"AUDIT_LOG","resource":"AUTH","status":"SUCCESS","timestamp":"2026-09-15T08:47:43.981Z","user":"user-admin-001"}
{"action":"PERMISSION_CHECK","ipAddress":"unknown","level":"info","message":"AUDIT_LOG","resource":"relationship:read","status":"SUCCESS","timestamp":"2026-09-15T08:47:43.981Z","user":"user-admin-001"}
{"action":"GET_CURRENT_USER","ipAddress":"unknown","level":"info","message":"AUDIT_LOG","resource":"AUTH","status":"SUCCESS","timestamp":"2026-09-15T08:47:43.984Z","user":"user-admin-001"}
{"action":"PERMISSION_CHECK","ipAddress":"unknown","level":"info","message":"AUDIT_LOG","resource":"audit:read","status":"SUCCESS","timestamp":"2026-09-15T08:47:43.985Z","user":"user-admin-001"}
{"action":"GET_CURRENT_USER","ipAddress":"unknown","level":"info","message":"AUDIT_LOG","resource":"AUTH","status":"SUCCESS","timestamp":"2026-09-15T08:47:43.989Z","user":"user-admin-001"}
{"action":"PERMISSION_CHECK","ipAddress":"unknown","level":"info","message":"AUDIT_LOG","resource":"entity:read","status":"SUCCESS","timestamp":"2026-09-15T08:47:43.991Z","user":"user-admin-001"}
{"action":"TOKEN_VERIFICATION","ipAddress":"unknown","level":"info","message":"AUDIT_LOG","resource":"ACCESS","status":"SUCCESS","timestamp":"2026-09-15T08:47:43.999Z","user":"user-admin-001"}
{"action":"GET_CURRENT_USER","ipAddress":"unknown","level":"info","message":"AUDIT_LOG","resource":"AUTH","status":"SUCCESS","timestamp":"2026-09-15T08:47:44.002Z","user":"user-admin-001"}
{"action":"PERMISSION_CHECK","ipAddress":"unknown","level":"info","message":"AUDIT_LOG","resource":"source:read","status":"SUCCESS","timestamp":"2026-09-15T08:47:44.003Z","user":"user-admin-001"}
{"action":"TOKEN_VERIFICATION","ipAddress":"unknown","level":"info","message":"AUDIT_LOG","resource":"ACCESS","status":"SUCCESS","timestamp":"2026-09-15T08:47:44.013Z","user":"user-admin-001"}
{"action":"GET_CURRENT_USER","ipAddress":"unknown","level":"info","message":"AUDIT_LOG","resource":"AUTH","status":"SUCCESS","timestamp":"2026-09-15T08:47:44.020Z","user":"user-admin-001"}
{"action":"PERMISSION_CHECK","ipAddress":"unknown","level":"info","message":"AUDIT_LOG","resource":"user:read","status":"SUCCESS","timestamp":"2026-09-15T08:47:44.020Z","user":"user-admin-001"}
{"action":"GET_CURRENT_USER","ipAddress":"unknown","level":"info","message":"AUDIT_LOG","resource":"AUTH","status":"SUCCESS","timestamp":"2026-09-15T08:47:44.029Z","user":"user-admin-001"}
{"action":"PERMISSION_CHECK","ipAddress":"unknown","level":"info","message":"AUDIT_LOG","resource":"ontology:read","status":"SUCCESS","timestamp":"2026-09-15T08:47:44.030Z","user":"user-admin-001"}
{"action":"TOKEN_VERIFICATION","ipAddress":"unknown","level":"info","message":"AUDIT_LOG","resource":"ACCESS","status":"SUCCESS","timestamp":"2026-09-15T08:47:44.036Z","user":"user-admin-001"}
{"action":"TOKEN_VERIFICATION","ipAddress":"unknown","level":"info","message":"AUDIT_LOG","resource":"ACCESS","status":"SUCCESS","timestamp":"2026-09-15T08:47:44.041Z","user":"user-admin-001"}
{"action":"LIST_USERS","ipAddress":"::1","level":"info","message":"AUDIT_LOG","resource":"AUTH","status":"SUCCESS","timestamp":"2026-09-15T08:47:44.045Z","user":"user-admin-001"}
{"action":"TOKEN_VERIFICATION","ipAddress":"unknown","level":"info","message":"AUDIT_LOG","resource":"ACCESS","status":"SUCCESS","timestamp":"2026-09-15T08:47:44.053Z","user":"user-admin-001"}
{"action":"GET_CURRENT_USER","ipAddress":"unknown","level":"info","message":"AUDIT_LOG","resource":"AUTH","status":"SUCCESS","timestamp":"2026-09-15T08:47:44.056Z","user":"user-admin-001"}
{"action":"PERMISSION_CHECK","ipAddress":"unknown","level":"info","message":"AUDIT_LOG","resource":"relationship:read","status":"SUCCESS","timestamp":"2026-09-15T08:47:44.057Z","user":"user-admin-001"}
{"action":"GET_CURRENT_USER","ipAddress":"unknown","level":"info","message":"AUDIT_LOG","resource":"AUTH","status":"SUCCESS","timestamp":"2026-09-15T08:47:44.060Z","user":"user-admin-001"}
{"action":"PERMISSION_CHECK","ipAddress":"unknown","level":"info","message":"AUDIT_LOG","resource":"source:read","status":"SUCCESS","timestamp":"2026-09-15T08:47:44.061Z","user":"user-admin-001"}
{"action":"GET_CURRENT_USER","ipAddress":"unknown","level":"info","message":"AUDIT_LOG","resource":"AUTH","status":"SUCCESS","timestamp":"2026-09-15T08:47:44.063Z","user":"user-admin-001"}
{"action":"PERMISSION_CHECK","ipAddress":"unknown","level":"info","message":"AUDIT_LOG","resource":"audit:read","status":"SUCCESS","timestamp":"2026-09-15T08:47:44.064Z","user":"user-admin-001"}
{"action":"TOKEN_VERIFICATION","ipAddress":"unknown","level":"info","message":"AUDIT_LOG","resource":"ACCESS","status":"SUCCESS","timestamp":"2026-09-15T08:49:11.924Z","user":"user-admin-001"}
{"action":"TOKEN_VERIFICATION","ipAddress":"unknown","level":"info","message":"AUDIT_LOG","resource":"ACCESS","status":"SUCCESS","timestamp":"2026-09-15T08:49:12.018Z","user":"user-admin-001"}
{"action":"GET_CURRENT_USER","ipAddress":"unknown","level":"info","message":"AUDIT_LOG","resource":"AUTH","status":"SUCCESS","timestamp":"2026-09-15T08:49:12.025Z","user":"user-admin-001"}
{"action":"PERMISSION_CHECK","ipAddress":"unknown","level":"info","message":"AUDIT_LOG","resource":"entity:read","status":"SUCCESS","timestamp":"2026-09-15T08:49:12.026Z","user":"user-admin-001"}
{"action":"TOKEN_VERIFICATION","ipAddress":"unknown","level":"info","message":"AUDIT_LOG","resource":"ACCESS","status":"SUCCESS","timestamp":"2026-09-15T08:49:12.079Z","user":"user-admin-001"}
{"action":"TOKEN_VERIFICATION","ipAddress":"unknown","level":"info","message":"AUDIT_LOG","resource":"ACCESS","status":"SUCCESS","timestamp":"2026-09-15T08:49:12.089Z","user":"user-admin-001"}
{"action":"TOKEN_VERIFICATION","ipAddress":"unknown","level":"info","message":"AUDIT_LOG","resource":"ACCESS","status":"SUCCESS","timestamp":"2026-09-15T08:49:12.132Z","user":"user-admin-001"}
{"action":"GET_CURRENT_USER","ipAddress":"unknown","level":"info","message":"AUDIT_LOG","resource":"AUTH","status":"SUCCESS","timestamp":"2026-09-15T08:49:12.149Z","user":"user-admin-001"}
{"action":"PERMISSION_CHECK","ipAddress":"unknown","level":"info","message":"AUDIT_LOG","resource":"source:read","status":"SUCCESS","timestamp":"2026-09-15T08:49:12.150Z","user":"user-admin-001"}
{"action":"TOKEN_VERIFICATION","ipAddress":"unknown","level":"info","message":"AUDIT_LOG","resource":"ACCESS","status":"SUCCESS","timestamp":"2026-09-15T08:49:12.177Z","user":"user-admin-001"}
{"action":"GET_CURRENT_USER","ipAddress":"unknown","level":"info","message":"AUDIT_LOG","resource":"AUTH","status":"SUCCESS","timestamp":"2026-09-15T08:49:12.189Z","user":"user-admin-001"}
{"action":"PERMISSION_CHECK","ipAddress":"unknown","level":"info","message":"AUDIT_LOG","resource":"relationship:read","status":"SUCCESS","timestamp":"2026-09-15T08:49:12.192Z","user":"user-admin-001"}
{"action":"GET_CURRENT_USER","ipAddress":"unknown","level":"info","message":"AUDIT_LOG","resource":"AUTH","status":"SUCCESS","timestamp":"2026-09-15T08:49:12.209Z","user":"user-admin-001"}
{"action":"PERMISSION_CHECK","ipAddress":"unknown","level":"info","message":"AUDIT_LOG","resource":"ontology:read","status":"SUCCESS","timestamp":"2026-09-15T08:49:12.210Z","user":"user-admin-001"}
{"action":"GET_CURRENT_USER","ipAddress":"unknown","level":"info","message":"AUDIT_LOG","resource":"AUTH","status":"SUCCESS","timestamp":"2026-09-15T08:49:12.231Z","user":"user-admin-001"}
{"action":"PERMISSION_CHECK","ipAddress":"unknown","level":"info","message":"AUDIT_LOG","resource":"user:read","status":"SUCCESS","timestamp":"2026-09-15T08:49:12.232Z","user":"user-admin-001"}
{"action":"GET_CURRENT_USER","ipAddress":"unknown","level":"info","message":"AUDIT_LOG","resource":"AUTH","status":"SUCCESS","timestamp":"2026-09-15T08:49:12.243Z","user":"user-admin-001"}
{"action":"PERMISSION_CHECK","ipAddress":"unknown","level":"info","message":"AUDIT_LOG","resource":"audit:read","status":"SUCCESS","timestamp":"2026-09-15T08:49:12.245Z","user":"user-admin-001"}
{"action":"LIST_USERS","ipAddress":"::1","level":"info","message":"AUDIT_LOG","resource":"AUTH","status":"SUCCESS","timestamp":"2026-09-15T08:49:12.252Z","user":"user-admin-001"}
{"action":"TOKEN_VERIFICATION","ipAddress":"unknown","level":"info","message":"AUDIT_LOG","resource":"ACCESS","status":"SUCCESS","timestamp":"2026-09-15T08:49:12.296Z","user":"user-admin-001"}
{"action":"TOKEN_VERIFICATION","ipAddress":"unknown","level":"info","message":"AUDIT_LOG","resource":"ACCESS","status":"SUCCESS","timestamp":"2026-09-15T08:49:12.332Z","user":"user-admin-001"}
{"action":"GET_CURRENT_USER","ipAddress":"unknown","level":"info","message":"AUDIT_LOG","resource":"AUTH","status":"SUCCESS","timestamp":"2026-09-15T08:49:12.355Z","user":"user-admin-001"}
{"action":"PERMISSION_CHECK","ipAddress":"unknown","level":"info","message":"AUDIT_LOG","resource":"source:read","status":"SUCCESS","timestamp":"2026-09-15T08:49:12.356Z","user":"user-admin-001"}
{"action":"GET_CURRENT_USER","ipAddress":"unknown","level":"info","message":"AUDIT_LOG","resource":"AUTH","status":"SUCCESS","timestamp":"2026-09-15T08:49:12.364Z","user":"user-admin-001"}
{"action":"PERMISSION_CHECK","ipAddress":"unknown","level":"info","message":"AUDIT_LOG","resource":"entity:read","status":"SUCCESS","timestamp":"2026-09-15T08:49:12.386Z","user":"user-admin-001"}
{"action":"TOKEN_VERIFICATION","ipAddress":"unknown","level":"info","message":"AUDIT_LOG","resource":"ACCESS","status":"SUCCESS","timestamp":"2026-09-15T08:49:12.405Z","user":"user-admin-001"}
{"action":"TOKEN_VERIFICATION","ipAddress":"unknown","level":"info","message":"AUDIT_LOG","resource":"ACCESS","status":"SUCCESS","timestamp":"2026-09-15T08:49:12.432Z","user":"user-admin-001"}
{"action":"GET_CURRENT_USER","ipAddress":"unknown","level":"info","message":"AUDIT_LOG","resource":"AUTH","status":"SUCCESS","timestamp":"2026-09-15T08:49:12.460Z","user":"user-admin-001"}
{"action":"PERMISSION_CHECK","ipAddress":"unknown","level":"info","message":"AUDIT_LOG","resource":"user:read","status":"SUCCESS","timestamp":"2026-09-15T08:49:12.464Z","user":"user-admin-001"}
{"action":"TOKEN_VERIFICATION","ipAddress":"unknown","level":"info","message":"AUDIT_LOG","resource":"ACCESS","status":"SUCCESS","timestamp":"2026-09-15T08:49:12.480Z","user":"user-admin-001"}
{"action":"TOKEN_VERIFICATION","ipAddress":"unknown","level":"info","message":"AUDIT_LOG","resource":"ACCESS","status":"SUCCESS","timestamp":"2026-09-15T08:49:12.486Z","user":"user-admin-001"}
{"action":"GET_CURRENT_USER","ipAddress":"unknown","level":"info","message":"AUDIT_LOG","resource":"AUTH","status":"SUCCESS","timestamp":"2026-09-15T08:49:12.490Z","user":"user-admin-001"}
{"action":"PERMISSION_CHECK","ipAddress":"unknown","level":"info","message":"AUDIT_LOG","resource":"relationship:read","status":"SUCCESS","timestamp":"2026-09-15T08:49:12.491Z","user":"user-admin-001"}
{"action":"GET_CURRENT_USER","ipAddress":"unknown","level":"info","message":"AUDIT_LOG","resource":"AUTH","status":"SUCCESS","timestamp":"2026-09-15T08:49:12.495Z","user":"user-admin-001"}
{"action":"PERMISSION_CHECK","ipAddress":"unknown","level":"info","message":"AUDIT_LOG","resource":"audit:read","status":"SUCCESS","timestamp":"2026-09-15T08:49:12.496Z","user":"user-admin-001"}
{"action":"LIST_USERS","ipAddress":"::1","level":"info","message":"AUDIT_LOG","resource":"AUTH","status":"SUCCESS","timestamp":"2026-09-15T08:49:12.499Z","user":"user-admin-001"}
{"action":"GET_CURRENT_USER","ipAddress":"unknown","level":"info","message":"AUDIT_LOG","resource":"AUTH","status":"SUCCESS","timestamp":"2026-09-15T08:49:12.513Z","user":"user-admin-001"}
{"action":"PERMISSION_CHECK","ipAddress":"unknown","level":"info","message":"AUDIT_LOG","resource":"ontology:read","status":"SUCCESS","timestamp":"2026-09-15T08:49:12.514Z","user":"user-admin-001"}
{"action":"TOKEN_VERIFICATION","ipAddress":"unknown","level":"info","message":"AUDIT_LOG","resource":"ACCESS","status":"SUCCESS","timestamp":"2026-09-15T08:56:07.545Z","user":"user-admin-001"}
{"action":"TOKEN_VERIFICATION","ipAddress":"unknown","level":"info","message":"AUDIT_LOG","resource":"ACCESS","status":"SUCCESS","timestamp":"2026-09-15T08:56:07.554Z","user":"user-admin-001"}
{"action":"TOKEN_VERIFICATION","ipAddress":"unknown","level":"info","message":"AUDIT_LOG","resource":"ACCESS","status":"SUCCESS","timestamp":"2026-09-15T08:56:07.564Z","user":"user-admin-001"}
{"action":"TOKEN_VERIFICATION","ipAddress":"unknown","level":"info","message":"AUDIT_LOG","resource":"ACCESS","status":"SUCCESS","timestamp":"2026-09-15T08:56:07.572Z","user":"user-admin-001"}
{"action":"GET_CURRENT_USER","ipAddress":"unknown","level":"info","message":"AUDIT_LOG","resource":"AUTH","status":"SUCCESS","timestamp":"2026-09-15T08:56:07.601Z","user":"user-admin-001"}
{"action":"PERMISSION_CHECK","ipAddress":"unknown","level":"info","message":"AUDIT_LOG","resource":"entity:read","status":"SUCCESS","timestamp":"2026-09-15T08:56:07.602Z","user":"user-admin-001"}
{"action":"TOKEN_VERIFICATION","ipAddress":"unknown","level":"info","message":"AUDIT_LOG","resource":"ACCESS","status":"SUCCESS","timestamp":"2026-09-15T08:56:07.634Z","user":"user-admin-001"}
{"action":"GET_CURRENT_USER","ipAddress":"unknown","level":"info","message":"AUDIT_LOG","resource":"AUTH","status":"SUCCESS","timestamp":"2026-09-15T08:56:07.640Z","user":"user-admin-001"}
{"action":"PERMISSION_CHECK","ipAddress":"unknown","level":"info","message":"AUDIT_LOG","resource":"audit:read","status":"SUCCESS","timestamp":"2026-09-15T08:56:07.641Z","user":"user-admin-001"}
{"action":"GET_CURRENT_USER","ipAddress":"unknown","level":"info","message":"AUDIT_LOG","resource":"AUTH","status":"SUCCESS","timestamp":"2026-09-15T08:56:07.647Z","user":"user-admin-001"}
{"action":"PERMISSION_CHECK","ipAddress":"unknown","level":"info","message":"AUDIT_LOG","resource":"relationship:read","status":"SUCCESS","timestamp":"2026-09-15T08:56:07.648Z","user":"user-admin-001"}
{"action":"GET_CURRENT_USER","ipAddress":"unknown","level":"info","message":"AUDIT_LOG","resource":"AUTH","status":"SUCCESS","timestamp":"2026-09-15T08:56:07.654Z","user":"user-admin-001"}
{"action":"PERMISSION_CHECK","ipAddress":"unknown","level":"info","message":"AUDIT_LOG","resource":"user:read","status":"SUCCESS","timestamp":"2026-09-15T08:56:07.655Z","user":"user-admin-001"}
{"action":"TOKEN_VERIFICATION","ipAddress":"unknown","level":"info","message":"AUDIT_LOG","resource":"ACCESS","status":"SUCCESS","timestamp":"2026-09-15T08:56:07.673Z","user":"user-admin-001"}
{"action":"GET_CURRENT_USER","ipAddress":"unknown","level":"info","message":"AUDIT_LOG","resource":"AUTH","status":"SUCCESS","timestamp":"2026-09-15T08:56:07.678Z","user":"user-admin-001"}
{"action":"PERMISSION_CHECK","ipAddress":"unknown","level":"info","message":"AUDIT_LOG","resource":"ontology:read","status":"SUCCESS","timestamp":"2026-09-15T08:56:07.679Z","user":"user-admin-001"}
{"action":"GET_CURRENT_USER","ipAddress":"unknown","level":"info","message":"AUDIT_LOG","resource":"AUTH","status":"SUCCESS","timestamp":"2026-09-15T08:56:07.685Z","user":"user-admin-001"}
{"action":"PERMISSION_CHECK","ipAddress":"unknown","level":"info","message":"AUDIT_LOG","resource":"source:read","status":"SUCCESS","timestamp":"2026-09-15T08:56:07.686Z","user":"user-admin-001"}
{"action":"LIST_USERS","ipAddress":"::1","level":"info","message":"AUDIT_LOG","resource":"AUTH","status":"SUCCESS","timestamp":"2026-09-15T08:56:07.689Z","user":"user-admin-001"}
{"action":"TOKEN_VERIFICATION","ipAddress":"unknown","level":"info","message":"AUDIT_LOG","resource":"ACCESS","status":"SUCCESS","timestamp":"2026-09-15T08:56:07.696Z","user":"user-admin-001"}
{"action":"TOKEN_VERIFICATION","ipAddress":"unknown","level":"info","message":"AUDIT_LOG","resource":"ACCESS","status":"SUCCESS","timestamp":"2026-09-15T08:56:07.715Z","user":"user-admin-001"}
{"action":"GET_CURRENT_USER","ipAddress":"unknown","level":"info","message":"AUDIT_LOG","resource":"AUTH","status":"SUCCESS","timestamp":"2026-09-15T08:56:07.719Z","user":"user-admin-001"}
{"action":"PERMISSION_CHECK","ipAddress":"unknown","level":"info","message":"AUDIT_LOG","resource":"entity:read","status":"SUCCESS","timestamp":"2026-09-15T08:56:07.720Z","user":"user-admin-001"}
{"action":"GET_CURRENT_USER","ipAddress":"unknown","level":"info","message":"AUDIT_LOG","resource":"AUTH","status":"SUCCESS","timestamp":"2026-09-15T08:56:07.728Z","user":"user-admin-001"}
{"action":"PERMISSION_CHECK","ipAddress":"unknown","level":"info","message":"AUDIT_LOG","resource":"audit:read","status":"SUCCESS","timestamp":"2026-09-15T08:56:07.729Z","user":"user-admin-001"}
{"action":"TOKEN_VERIFICATION","ipAddress":"unknown","level":"info","message":"AUDIT_LOG","resource":"ACCESS","status":"SUCCESS","timestamp":"2026-09-15T08:56:07.736Z","user":"user-admin-001"}
{"action":"GET_CURRENT_USER","ipAddress":"unknown","level":"info","message":"AUDIT_LOG","resource":"AUTH","status":"SUCCESS","timestamp":"2026-09-15T08:56:07.743Z","user":"user-admin-001"}
{"action":"PERMISSION_CHECK","ipAddress":"unknown","level":"info","message":"AUDIT_LOG","resource":"relationship:read","status":"SUCCESS","timestamp":"2026-09-15T08:56:07.744Z","user":"user-admin-001"}
{"action":"TOKEN_VERIFICATION","ipAddress":"unknown","level":"info","message":"AUDIT_LOG","resource":"ACCESS","status":"SUCCESS","timestamp":"2026-09-15T08:56:07.763Z","user":"user-admin-001"}
{"action":"GET_CURRENT_USER","ipAddress":"unknown","level":"info","message":"AUDIT_LOG","resource":"AUTH","status":"SUCCESS","timestamp":"2026-09-15T08:56:07.773Z","user":"user-admin-001"}
{"action":"PERMISSION_CHECK","ipAddress":"unknown","level":"info","message":"AUDIT_LOG","resource":"user:read","status":"SUCCESS","timestamp":"2026-09-15T08:56:07.776Z","user":"user-admin-001"}
{"action":"LIST_USERS","ipAddress":"::1","level":"info","message":"AUDIT_LOG","resource":"AUTH","status":"SUCCESS","timestamp":"2026-09-15T08:56:07.784Z","user":"user-admin-001"}
{"action":"TOKEN_VERIFICATION","ipAddress":"unknown","level":"info","message":"AUDIT_LOG","resource":"ACCESS","status":"SUCCESS","timestamp":"2026-09-15T08:56:07.800Z","user":"user-admin-001"}
{"action":"TOKEN_VERIFICATION","ipAddress":"unknown","level":"info","message":"AUDIT_LOG","resource":"ACCESS","status":"SUCCESS","timestamp":"2026-09-15T08:56:07.813Z","user":"user-admin-001"}
{"action":"GET_CURRENT_USER","ipAddress":"unknown","level":"info","message":"AUDIT_LOG","resource":"AUTH","status":"SUCCESS","timestamp":"2026-09-15T08:56:07.817Z","user":"user-admin-001"}
{"action":"PERMISSION_CHECK","ipAddress":"unknown","level":"info","message":"AUDIT_LOG","resource":"source:read","status":"SUCCESS","timestamp":"2026-09-15T08:56:07.819Z","user":"user-admin-001"}
{"action":"GET_CURRENT_USER","ipAddress":"unknown","level":"info","message":"AUDIT_LOG","resource":"AUTH","status":"SUCCESS","timestamp":"2026-09-15T08:56:07.823Z","user":"user-admin-001"}
{"action":"PERMISSION_CHECK","ipAddress":"unknown","level":"info","message":"AUDIT_LOG","resource":"ontology:read","status":"SUCCESS","timestamp":"2026-09-15T08:56:07.824Z","user":"user-admin-001"}
{"action":"TOKEN_GENERATION","ipAddress":"unknown","level":"info","message":"AUDIT_LOG","resource":"ACCESS","status":"SUCCESS","timestamp":"2026-09-15T08:58:50.003Z","user":"user-admin-001"}
{"action":"TOKEN_GENERATION","ipAddress":"unknown","level":"info","message":"AUDIT_LOG","resource":"REFRESH","status":"SUCCESS","timestamp":"2026-09-15T08:58:50.006Z","user":"user-admin-001"}
{"action":"SESSION_CREATED","ipAddress":"unknown","level":"info","message":"AUDIT_LOG","resource":"SESSION","status":"SUCCESS","timestamp":"2026-09-15T08:58:50.010Z","user":"user-admin-001"}
{"level":"info","message":"Processing job: UserLoggedInEvent","timestamp":"2026-09-15T08:58:50.017Z"}
{"level":"info","message":"Processing job: AuditLogRequestedEvent","timestamp":"2026-09-15T08:58:50.024Z"}
{"action":"TOKEN_VERIFICATION","ipAddress":"unknown","level":"info","message":"AUDIT_LOG","resource":"ACCESS","status":"SUCCESS","timestamp":"2026-09-15T08:59:10.352Z","user":"user-admin-001"}
{"action":"GET_CURRENT_USER","ipAddress":"unknown","level":"info","message":"AUDIT_LOG","resource":"AUTH","status":"SUCCESS","timestamp":"2026-09-15T08:59:10.357Z","user":"user-admin-001"}
{"action":"PERMISSION_CHECK","ipAddress":"unknown","level":"info","message":"AUDIT_LOG","resource":"entity:read","status":"SUCCESS","timestamp":"2026-09-15T08:59:10.358Z","user":"user-admin-001"}
{"action":"TOKEN_VERIFICATION","ipAddress":"unknown","level":"info","message":"AUDIT_LOG","resource":"ACCESS","status":"SUCCESS","timestamp":"2026-09-15T08:59:10.431Z","user":"user-admin-001"}
{"action":"GET_CURRENT_USER","ipAddress":"unknown","level":"info","message":"AUDIT_LOG","resource":"AUTH","status":"SUCCESS","timestamp":"2026-09-15T08:59:10.456Z","user":"user-admin-001"}
{"action":"PERMISSION_CHECK","ipAddress":"unknown","level":"info","message":"AUDIT_LOG","resource":"relationship:read","status":"SUCCESS","timestamp":"2026-09-15T08:59:10.457Z","user":"user-admin-001"}
{"action":"TOKEN_VERIFICATION","ipAddress":"unknown","level":"info","message":"AUDIT_LOG","resource":"ACCESS","status":"SUCCESS","timestamp":"2026-09-15T08:59:10.589Z","user":"user-admin-001"}
{"action":"GET_CURRENT_USER","ipAddress":"unknown","level":"info","message":"AUDIT_LOG","resource":"AUTH","status":"SUCCESS","timestamp":"2026-09-15T08:59:10.593Z","user":"user-admin-001"}
{"action":"PERMISSION_CHECK","ipAddress":"unknown","level":"info","message":"AUDIT_LOG","resource":"source:read","status":"SUCCESS","timestamp":"2026-09-15T08:59:10.594Z","user":"user-admin-001"}
{"action":"TOKEN_VERIFICATION","ipAddress":"unknown","level":"info","message":"AUDIT_LOG","resource":"ACCESS","status":"SUCCESS","timestamp":"2026-09-15T08:59:10.664Z","user":"user-admin-001"}
{"action":"GET_CURRENT_USER","ipAddress":"unknown","level":"info","message":"AUDIT_LOG","resource":"AUTH","status":"SUCCESS","timestamp":"2026-09-15T08:59:10.668Z","user":"user-admin-001"}
{"action":"PERMISSION_CHECK","ipAddress":"unknown","level":"info","message":"AUDIT_LOG","resource":"user:read","status":"SUCCESS","timestamp":"2026-09-15T08:59:10.669Z","user":"user-admin-001"}
{"action":"LIST_USERS","ipAddress":"::1","level":"info","message":"AUDIT_LOG","resource":"AUTH","status":"SUCCESS","timestamp":"2026-09-15T08:59:10.672Z","user":"user-admin-001"}
{"action":"TOKEN_VERIFICATION","ipAddress":"unknown","level":"info","message":"AUDIT_LOG","resource":"ACCESS","status":"SUCCESS","timestamp":"2026-09-15T08:59:10.736Z","user":"user-admin-001"}
{"action":"GET_CURRENT_USER","ipAddress":"unknown","level":"info","message":"AUDIT_LOG","resource":"AUTH","status":"SUCCESS","timestamp":"2026-09-15T08:59:10.740Z","user":"user-admin-001"}
{"action":"PERMISSION_CHECK","ipAddress":"unknown","level":"info","message":"AUDIT_LOG","resource":"ontology:read","status":"SUCCESS","timestamp":"2026-09-15T08:59:10.741Z","user":"user-admin-001"}
{"action":"TOKEN_VERIFICATION","ipAddress":"unknown","level":"info","message":"AUDIT_LOG","resource":"ACCESS","status":"SUCCESS","timestamp":"2026-09-15T09:01:33.024Z","user":"user-admin-001"}
{"action":"GET_CURRENT_USER","ipAddress":"unknown","level":"info","message":"AUDIT_LOG","resource":"AUTH","status":"SUCCESS","timestamp":"2026-09-15T09:01:33.028Z","user":"user-admin-001"}
{"action":"PERMISSION_CHECK","ipAddress":"unknown","level":"info","message":"AUDIT_LOG","resource":"entity:read","status":"SUCCESS","timestamp":"2026-09-15T09:01:33.029Z","user":"user-admin-001"}
{"action":"TOKEN_VERIFICATION","ipAddress":"unknown","level":"info","message":"AUDIT_LOG","resource":"ACCESS","status":"SUCCESS","timestamp":"2026-09-15T09:01:44.705Z","user":"user-admin-001"}
{"action":"GET_CURRENT_USER","ipAddress":"unknown","level":"info","message":"AUDIT_LOG","resource":"AUTH","status":"SUCCESS","timestamp":"2026-09-15T09:01:44.709Z","user":"user-admin-001"}
{"action":"PERMISSION_CHECK","ipAddress":"unknown","level":"info","message":"AUDIT_LOG","resource":"relationship:read","status":"SUCCESS","timestamp":"2026-09-15T09:01:44.709Z","user":"user-admin-001"}
{"action":"TOKEN_VERIFICATION","ipAddress":"unknown","level":"info","message":"AUDIT_LOG","resource":"ACCESS","status":"SUCCESS","timestamp":"2026-09-15T09:01:44.838Z","user":"user-admin-001"}
{"action":"GET_CURRENT_USER","ipAddress":"unknown","level":"info","message":"AUDIT_LOG","resource":"AUTH","status":"SUCCESS","timestamp":"2026-09-15T09:01:44.844Z","user":"user-admin-001"}
{"action":"PERMISSION_CHECK","ipAddress":"unknown","level":"info","message":"AUDIT_LOG","resource":"source:read","status":"SUCCESS","timestamp":"2026-09-15T09:01:44.845Z","user":"user-admin-001"}
{"action":"TOKEN_VERIFICATION","ipAddress":"unknown","level":"info","message":"AUDIT_LOG","resource":"ACCESS","status":"SUCCESS","timestamp":"2026-09-15T09:01:44.912Z","user":"user-admin-001"}
{"action":"GET_CURRENT_USER","ipAddress":"unknown","level":"info","message":"AUDIT_LOG","resource":"AUTH","status":"SUCCESS","timestamp":"2026-09-15T09:01:44.916Z","user":"user-admin-001"}
{"action":"PERMISSION_CHECK","ipAddress":"unknown","level":"info","message":"AUDIT_LOG","resource":"user:read","status":"SUCCESS","timestamp":"2026-09-15T09:01:44.917Z","user":"user-admin-001"}
{"action":"LIST_USERS","ipAddress":"::1","level":"info","message":"AUDIT_LOG","resource":"AUTH","status":"SUCCESS","timestamp":"2026-09-15T09:01:44.920Z","user":"user-admin-001"}
{"action":"TOKEN_VERIFICATION","ipAddress":"unknown","level":"info","message":"AUDIT_LOG","resource":"ACCESS","status":"SUCCESS","timestamp":"2026-09-15T09:01:44.983Z","user":"user-admin-001"}
{"action":"GET_CURRENT_USER","ipAddress":"unknown","level":"info","message":"AUDIT_LOG","resource":"AUTH","status":"SUCCESS","timestamp":"2026-09-15T09:01:44.988Z","user":"user-admin-001"}
{"action":"PERMISSION_CHECK","ipAddress":"unknown","level":"info","message":"AUDIT_LOG","resource":"ontology:read","status":"SUCCESS","timestamp":"2026-09-15T09:01:44.989Z","user":"user-admin-001"}
{"action":"TOKEN_VERIFICATION","ipAddress":"unknown","level":"info","message":"AUDIT_LOG","resource":"ACCESS","status":"SUCCESS","timestamp":"2026-09-15T09:02:11.087Z","user":"user-admin-001"}
{"action":"GET_CURRENT_USER","ipAddress":"unknown","level":"info","message":"AUDIT_LOG","resource":"AUTH","status":"SUCCESS","timestamp":"2026-09-15T09:02:11.109Z","user":"user-admin-001"}
{"action":"PERMISSION_CHECK","ipAddress":"unknown","level":"info","message":"AUDIT_LOG","resource":"entity:read","status":"SUCCESS","timestamp":"2026-09-15T09:02:11.110Z","user":"user-admin-001"}
{"action":"TOKEN_VERIFICATION","ipAddress":"unknown","level":"info","message":"AUDIT_LOG","resource":"ACCESS","status":"SUCCESS","timestamp":"2026-09-15T09:02:11.150Z","user":"user-admin-001"}
{"action":"TOKEN_VERIFICATION","ipAddress":"unknown","level":"info","message":"AUDIT_LOG","resource":"ACCESS","status":"SUCCESS","timestamp":"2026-09-15T09:02:11.161Z","user":"user-admin-001"}
{"action":"TOKEN_VERIFICATION","ipAddress":"unknown","level":"info","message":"AUDIT_LOG","resource":"ACCESS","status":"SUCCESS","timestamp":"2026-09-15T09:02:11.171Z","user":"user-admin-001"}
{"action":"TOKEN_VERIFICATION","ipAddress":"unknown","level":"info","message":"AUDIT_LOG","resource":"ACCESS","status":"SUCCESS","timestamp":"2026-09-15T09:02:11.177Z","user":"user-admin-001"}
{"action":"GET_CURRENT_USER","ipAddress":"unknown","level":"info","message":"AUDIT_LOG","resource":"AUTH","status":"SUCCESS","timestamp":"2026-09-15T09:02:11.246Z","user":"user-admin-001"}
{"action":"PERMISSION_CHECK","ipAddress":"unknown","level":"info","message":"AUDIT_LOG","resource":"source:read","status":"SUCCESS","timestamp":"2026-09-15T09:02:11.249Z","user":"user-admin-001"}
{"action":"TOKEN_VERIFICATION","ipAddress":"unknown","level":"info","message":"AUDIT_LOG","resource":"ACCESS","status":"SUCCESS","timestamp":"2026-09-15T09:02:11.275Z","user":"user-admin-001"}
{"action":"TOKEN_VERIFICATION","ipAddress":"unknown","level":"info","message":"AUDIT_LOG","resource":"ACCESS","status":"SUCCESS","timestamp":"2026-09-15T09:02:11.288Z","user":"user-admin-001"}
{"action":"GET_CURRENT_USER","ipAddress":"unknown","level":"info","message":"AUDIT_LOG","resource":"AUTH","status":"SUCCESS","timestamp":"2026-09-15T09:02:11.295Z","user":"user-admin-001"}
{"action":"PERMISSION_CHECK","ipAddress":"unknown","level":"info","message":"AUDIT_LOG","resource":"ontology:read","status":"SUCCESS","timestamp":"2026-09-15T09:02:11.296Z","user":"user-admin-001"}
{"action":"GET_CURRENT_USER","ipAddress":"unknown","level":"info","message":"AUDIT_LOG","resource":"AUTH","status":"SUCCESS","timestamp":"2026-09-15T09:02:11.317Z","user":"user-admin-001"}
{"action":"PERMISSION_CHECK","ipAddress":"unknown","level":"info","message":"AUDIT_LOG","resource":"user:read","status":"SUCCESS","timestamp":"2026-09-15T09:02:11.318Z","user":"user-admin-001"}
{"action":"LIST_USERS","ipAddress":"::1","level":"info","message":"AUDIT_LOG","resource":"AUTH","status":"SUCCESS","timestamp":"2026-09-15T09:02:11.324Z","user":"user-admin-001"}
{"action":"GET_CURRENT_USER","ipAddress":"unknown","level":"info","message":"AUDIT_LOG","resource":"AUTH","status":"SUCCESS","timestamp":"2026-09-15T09:02:11.365Z","user":"user-admin-001"}
{"action":"PERMISSION_CHECK","ipAddress":"unknown","level":"info","message":"AUDIT_LOG","resource":"relationship:read","status":"SUCCESS","timestamp":"2026-09-15T09:02:11.366Z","user":"user-admin-001"}
{"action":"TOKEN_VERIFICATION","ipAddress":"unknown","level":"info","message":"AUDIT_LOG","resource":"ACCESS","status":"SUCCESS","timestamp":"2026-09-15T09:02:11.378Z","user":"user-admin-001"}
{"action":"GET_CURRENT_USER","ipAddress":"unknown","level":"info","message":"AUDIT_LOG","resource":"AUTH","status":"SUCCESS","timestamp":"2026-09-15T09:02:11.387Z","user":"user-admin-001"}
{"action":"PERMISSION_CHECK","ipAddress":"unknown","level":"info","message":"AUDIT_LOG","resource":"audit:read","status":"SUCCESS","timestamp":"2026-09-15T09:02:11.388Z","user":"user-admin-001"}
{"action":"TOKEN_VERIFICATION","ipAddress":"unknown","level":"info","message":"AUDIT_LOG","resource":"ACCESS","status":"SUCCESS","timestamp":"2026-09-15T09:02:11.392Z","user":"user-admin-001"}
{"action":"GET_CURRENT_USER","ipAddress":"unknown","level":"info","message":"AUDIT_LOG","resource":"AUTH","status":"SUCCESS","timestamp":"2026-09-15T09:02:11.398Z","user":"user-admin-001"}
{"action":"PERMISSION_CHECK","ipAddress":"unknown","level":"info","message":"AUDIT_LOG","resource":"ontology:read","status":"SUCCESS","timestamp":"2026-09-15T09:02:11.399Z","user":"user-admin-001"}
{"action":"GET_CURRENT_USER","ipAddress":"unknown","level":"info","message":"AUDIT_LOG","resource":"AUTH","status":"SUCCESS","timestamp":"2026-09-15T09:02:11.404Z","user":"user-admin-001"}
{"action":"PERMISSION_CHECK","ipAddress":"unknown","level":"info","message":"AUDIT_LOG","resource":"entity:read","status":"SUCCESS","timestamp":"2026-09-15T09:02:11.406Z","user":"user-admin-001"}
{"action":"GET_CURRENT_USER","ipAddress":"unknown","level":"info","message":"AUDIT_LOG","resource":"AUTH","status":"SUCCESS","timestamp":"2026-09-15T09:02:11.412Z","user":"user-admin-001"}
{"action":"PERMISSION_CHECK","ipAddress":"unknown","level":"info","message":"AUDIT_LOG","resource":"source:read","status":"SUCCESS","timestamp":"2026-09-15T09:02:11.413Z","user":"user-admin-001"}
{"action":"TOKEN_VERIFICATION","ipAddress":"unknown","level":"info","message":"AUDIT_LOG","resource":"ACCESS","status":"SUCCESS","timestamp":"2026-09-15T09:02:11.448Z","user":"user-admin-001"}
{"action":"TOKEN_VERIFICATION","ipAddress":"unknown","level":"info","message":"AUDIT_LOG","resource":"ACCESS","status":"SUCCESS","timestamp":"2026-09-15T09:02:11.455Z","user":"user-admin-001"}
{"action":"GET_CURRENT_USER","ipAddress":"unknown","level":"info","message":"AUDIT_LOG","resource":"AUTH","status":"SUCCESS","timestamp":"2026-09-15T09:02:11.462Z","user":"user-admin-001"}
{"action":"PERMISSION_CHECK","ipAddress":"unknown","level":"info","message":"AUDIT_LOG","resource":"user:read","status":"SUCCESS","timestamp":"2026-09-15T09:02:11.463Z","user":"user-admin-001"}
{"action":"GET_CURRENT_USER","ipAddress":"unknown","level":"info","message":"AUDIT_LOG","resource":"AUTH","status":"SUCCESS","timestamp":"2026-09-15T09:02:11.471Z","user":"user-admin-001"}
{"action":"PERMISSION_CHECK","ipAddress":"unknown","level":"info","message":"AUDIT_LOG","resource":"relationship:read","status":"SUCCESS","timestamp":"2026-09-15T09:02:11.472Z","user":"user-admin-001"}
{"action":"TOKEN_VERIFICATION","ipAddress":"unknown","level":"info","message":"AUDIT_LOG","resource":"ACCESS","status":"SUCCESS","timestamp":"2026-09-15T09:02:11.477Z","user":"user-admin-001"}
{"action":"LIST_USERS","ipAddress":"::1","level":"info","message":"AUDIT_LOG","resource":"AUTH","status":"SUCCESS","timestamp":"2026-09-15T09:02:11.481Z","user":"user-admin-001"}
{"action":"GET_CURRENT_USER","ipAddress":"unknown","level":"info","message":"AUDIT_LOG","resource":"AUTH","status":"SUCCESS","timestamp":"2026-09-15T09:02:11.488Z","user":"user-admin-001"}
{"action":"PERMISSION_CHECK","ipAddress":"unknown","level":"info","message":"AUDIT_LOG","resource":"audit:read","status":"SUCCESS","timestamp":"2026-09-15T09:02:11.489Z","user":"user-admin-001"}
{"action":"TOKEN_VERIFICATION","ipAddress":"unknown","level":"info","message":"AUDIT_LOG","resource":"ACCESS","status":"FAILURE","timestamp":"2026-09-15T09:12:18.793Z","user":"UNKNOWN"}
{"action":"TOKEN_VERIFICATION","ipAddress":"unknown","level":"info","message":"AUDIT_LOG","resource":"ACCESS","status":"FAILURE","timestamp":"2026-09-15T09:12:18.842Z","user":"UNKNOWN"}
{"action":"TOKEN_VERIFICATION","ipAddress":"unknown","level":"info","message":"AUDIT_LOG","resource":"ACCESS","status":"FAILURE","timestamp":"2026-09-15T09:12:18.863Z","user":"UNKNOWN"}
{"action":"TOKEN_VERIFICATION","ipAddress":"unknown","level":"info","message":"AUDIT_LOG","resource":"ACCESS","status":"FAILURE","timestamp":"2026-09-15T09:12:18.899Z","user":"UNKNOWN"}
{"action":"TOKEN_VERIFICATION","ipAddress":"unknown","level":"info","message":"AUDIT_LOG","resource":"ACCESS","status":"FAILURE","timestamp":"2026-09-15T09:12:18.929Z","user":"UNKNOWN"}
{"action":"TOKEN_VERIFICATION","ipAddress":"unknown","level":"info","message":"AUDIT_LOG","resource":"ACCESS","status":"FAILURE","timestamp":"2026-09-15T09:12:18.954Z","user":"UNKNOWN"}
{"action":"TOKEN_VERIFICATION","ipAddress":"unknown","level":"info","message":"AUDIT_LOG","resource":"ACCESS","status":"FAILURE","timestamp":"2026-09-15T09:12:18.975Z","user":"UNKNOWN"}
{"action":"TOKEN_VERIFICATION","ipAddress":"unknown","level":"info","message":"AUDIT_LOG","resource":"ACCESS","status":"FAILURE","timestamp":"2026-09-15T09:12:18.995Z","user":"UNKNOWN"}
{"action":"TOKEN_VERIFICATION","ipAddress":"unknown","level":"info","message":"AUDIT_LOG","resource":"ACCESS","status":"FAILURE","timestamp":"2026-09-15T09:12:19.019Z","user":"UNKNOWN"}
{"action":"TOKEN_VERIFICATION","ipAddress":"unknown","level":"info","message":"AUDIT_LOG","resource":"ACCESS","status":"FAILURE","timestamp":"2026-09-15T09:12:19.031Z","user":"UNKNOWN"}
{"action":"TOKEN_VERIFICATION","ipAddress":"unknown","level":"info","message":"AUDIT_LOG","resource":"ACCESS","status":"FAILURE","timestamp":"2026-09-15T09:12:19.113Z","user":"UNKNOWN"}
{"action":"TOKEN_VERIFICATION","ipAddress":"unknown","level":"info","message":"AUDIT_LOG","resource":"ACCESS","status":"FAILURE","timestamp":"2026-09-15T09:12:19.131Z","user":"UNKNOWN"}
{"action":"TOKEN_VERIFICATION","ipAddress":"unknown","level":"info","message":"AUDIT_LOG","resource":"ACCESS","status":"FAILURE","timestamp":"2026-09-15T09:16:15.329Z","user":"UNKNOWN"}
{"action":"TOKEN_VERIFICATION","ipAddress":"unknown","level":"info","message":"AUDIT_LOG","resource":"ACCESS","status":"FAILURE","timestamp":"2026-09-15T09:16:15.409Z","user":"UNKNOWN"}
{"action":"TOKEN_VERIFICATION","ipAddress":"unknown","level":"info","message":"AUDIT_LOG","resource":"ACCESS","status":"FAILURE","timestamp":"2026-09-15T09:16:15.422Z","user":"UNKNOWN"}
{"action":"TOKEN_VERIFICATION","ipAddress":"unknown","level":"info","message":"AUDIT_LOG","resource":"ACCESS","status":"FAILURE","timestamp":"2026-09-15T09:16:15.438Z","user":"UNKNOWN"}
{"action":"TOKEN_VERIFICATION","ipAddress":"unknown","level":"info","message":"AUDIT_LOG","resource":"ACCESS","status":"FAILURE","timestamp":"2026-09-15T09:16:15.493Z","user":"UNKNOWN"}
{"action":"TOKEN_VERIFICATION","ipAddress":"unknown","level":"info","message":"AUDIT_LOG","resource":"ACCESS","status":"FAILURE","timestamp":"2026-09-15T09:16:15.521Z","user":"UNKNOWN"}
{"action":"TOKEN_VERIFICATION","ipAddress":"unknown","level":"info","message":"AUDIT_LOG","resource":"ACCESS","status":"FAILURE","timestamp":"2026-09-15T09:16:15.539Z","user":"UNKNOWN"}
{"action":"TOKEN_VERIFICATION","ipAddress":"unknown","level":"info","message":"AUDIT_LOG","resource":"ACCESS","status":"FAILURE","timestamp":"2026-09-15T09:16:15.558Z","user":"UNKNOWN"}
{"action":"TOKEN_VERIFICATION","ipAddress":"unknown","level":"info","message":"AUDIT_LOG","resource":"ACCESS","status":"FAILURE","timestamp":"2026-09-15T09:16:15.568Z","user":"UNKNOWN"}
{"action":"TOKEN_VERIFICATION","ipAddress":"unknown","level":"info","message":"AUDIT_LOG","resource":"ACCESS","status":"FAILURE","timestamp":"2026-09-15T09:16:15.651Z","user":"UNKNOWN"}
{"action":"TOKEN_VERIFICATION","ipAddress":"unknown","level":"info","message":"AUDIT_LOG","resource":"ACCESS","status":"FAILURE","timestamp":"2026-09-15T09:16:15.665Z","user":"UNKNOWN"}
{"action":"TOKEN_VERIFICATION","ipAddress":"unknown","level":"info","message":"AUDIT_LOG","resource":"ACCESS","status":"FAILURE","timestamp":"2026-09-15T09:16:15.711Z","user":"UNKNOWN"}
{"action":"TOKEN_VERIFICATION","ipAddress":"unknown","level":"info","message":"AUDIT_LOG","resource":"ACCESS","status":"FAILURE","timestamp":"2026-09-15T09:20:51.902Z","user":"UNKNOWN"}
{"action":"TOKEN_VERIFICATION","ipAddress":"unknown","level":"info","message":"AUDIT_LOG","resource":"ACCESS","status":"FAILURE","timestamp":"2026-09-15T09:20:51.926Z","user":"UNKNOWN"}
{"action":"TOKEN_VERIFICATION","ipAddress":"unknown","level":"info","message":"AUDIT_LOG","resource":"ACCESS","status":"FAILURE","timestamp":"2026-09-15T09:20:51.951Z","user":"UNKNOWN"}
{"action":"TOKEN_VERIFICATION","ipAddress":"unknown","level":"info","message":"AUDIT_LOG","resource":"ACCESS","status":"FAILURE","timestamp":"2026-09-15T09:20:51.968Z","user":"UNKNOWN"}
{"action":"TOKEN_VERIFICATION","ipAddress":"unknown","level":"info","message":"AUDIT_LOG","resource":"ACCESS","status":"FAILURE","timestamp":"2026-09-15T09:20:51.987Z","user":"UNKNOWN"}
{"action":"TOKEN_VERIFICATION","ipAddress":"unknown","level":"info","message":"AUDIT_LOG","resource":"ACCESS","status":"FAILURE","timestamp":"2026-09-15T09:20:52.003Z","user":"UNKNOWN"}
{"action":"TOKEN_VERIFICATION","ipAddress":"unknown","level":"info","message":"AUDIT_LOG","resource":"ACCESS","status":"FAILURE","timestamp":"2026-09-15T09:20:52.012Z","user":"UNKNOWN"}
{"action":"TOKEN_VERIFICATION","ipAddress":"unknown","level":"info","message":"AUDIT_LOG","resource":"ACCESS","status":"FAILURE","timestamp":"2026-09-15T09:20:52.032Z","user":"UNKNOWN"}
{"action":"TOKEN_VERIFICATION","ipAddress":"unknown","level":"info","message":"AUDIT_LOG","resource":"ACCESS","status":"FAILURE","timestamp":"2026-09-15T09:20:52.068Z","user":"UNKNOWN"}
{"action":"TOKEN_VERIFICATION","ipAddress":"unknown","level":"info","message":"AUDIT_LOG","resource":"ACCESS","status":"FAILURE","timestamp":"2026-09-15T09:20:52.079Z","user":"UNKNOWN"}
{"action":"TOKEN_VERIFICATION","ipAddress":"unknown","level":"info","message":"AUDIT_LOG","resource":"ACCESS","status":"FAILURE","timestamp":"2026-09-15T09:20:52.095Z","user":"UNKNOWN"}
{"action":"TOKEN_VERIFICATION","ipAddress":"unknown","level":"info","message":"AUDIT_LOG","resource":"ACCESS","status":"FAILURE","timestamp":"2026-09-15T09:20:52.101Z","user":"UNKNOWN"}
{"action":"TOKEN_VERIFICATION","ipAddress":"unknown","level":"info","message":"AUDIT_LOG","resource":"ACCESS","status":"FAILURE","timestamp":"2026-09-15T09:29:48.612Z","user":"UNKNOWN"}
{"action":"TOKEN_VERIFICATION","ipAddress":"unknown","level":"info","message":"AUDIT_LOG","resource":"ACCESS","status":"FAILURE","timestamp":"2026-09-15T09:29:48.637Z","user":"UNKNOWN"}
{"action":"TOKEN_VERIFICATION","ipAddress":"unknown","level":"info","message":"AUDIT_LOG","resource":"ACCESS","status":"FAILURE","timestamp":"2026-09-15T09:29:48.656Z","user":"UNKNOWN"}
{"action":"TOKEN_VERIFICATION","ipAddress":"unknown","level":"info","message":"AUDIT_LOG","resource":"ACCESS","status":"FAILURE","timestamp":"2026-09-15T09:29:48.674Z","user":"UNKNOWN"}
{"action":"TOKEN_VERIFICATION","ipAddress":"unknown","level":"info","message":"AUDIT_LOG","resource":"ACCESS","status":"FAILURE","timestamp":"2026-09-15T09:29:48.688Z","user":"UNKNOWN"}
{"action":"TOKEN_VERIFICATION","ipAddress":"unknown","level":"info","message":"AUDIT_LOG","resource":"ACCESS","status":"FAILURE","timestamp":"2026-09-15T09:29:48.809Z","user":"UNKNOWN"}
{"action":"TOKEN_VERIFICATION","ipAddress":"unknown","level":"info","message":"AUDIT_LOG","resource":"ACCESS","status":"FAILURE","timestamp":"2026-09-15T09:29:48.843Z","user":"UNKNOWN"}
{"action":"TOKEN_VERIFICATION","ipAddress":"unknown","level":"info","message":"AUDIT_LOG","resource":"ACCESS","status":"FAILURE","timestamp":"2026-09-15T09:29:48.992Z","user":"UNKNOWN"}
{"action":"TOKEN_VERIFICATION","ipAddress":"unknown","level":"info","message":"AUDIT_LOG","resource":"ACCESS","status":"FAILURE","timestamp":"2026-09-15T09:29:49.007Z","user":"UNKNOWN"}
{"action":"TOKEN_VERIFICATION","ipAddress":"unknown","level":"info","message":"AUDIT_LOG","resource":"ACCESS","status":"FAILURE","timestamp":"2026-09-15T09:29:49.022Z","user":"UNKNOWN"}
{"action":"TOKEN_VERIFICATION","ipAddress":"unknown","level":"info","message":"AUDIT_LOG","resource":"ACCESS","status":"FAILURE","timestamp":"2026-09-15T09:29:49.029Z","user":"UNKNOWN"}
{"action":"TOKEN_VERIFICATION","ipAddress":"unknown","level":"info","message":"AUDIT_LOG","resource":"ACCESS","status":"FAILURE","timestamp":"2026-09-15T09:29:49.043Z","user":"UNKNOWN"}
{"address":"127.0.0.1","code":"ECONNREFUSED","errno":-111,"level":"warn","message":"Failed to connect to PostgreSQL during initialization: connect ECONNREFUSED 127.0.0.1:5432","port":5432,"stack":"Error: connect ECONNREFUSED 127.0.0.1:5432\n    at /data/data/com.termux/files/home/Connect-Africa/backend/node_modules/pg-pool/index.js:45:11\n    at process.processTicksAndRejections (node:internal/process/task_queues:104:5)\n    at async PostgresProvider.connect (/data/data/com.termux/files/home/Connect-Africa/backend/dist/shared/infrastructure/database/PostgresProvider.js:40:13)\n    at async BootstrapService.run (/data/data/com.termux/files/home/Connect-Africa/backend/dist/bootstrap/startup/BootstrapService.js:19:13)\n    at async bootstrap (/data/data/com.termux/files/home/Connect-Africa/backend/dist/index.js:57:24)","syscall":"connect","timestamp":"2026-09-15T11:47:06.340Z"}
{"level":"info","message":"BullMQ EventBus initialized.","timestamp":"2026-09-15T11:47:06.517Z"}
{"level":"info","message":"BullMQ worker connection ready.","timestamp":"2026-09-15T11:47:07.150Z"}
{"address":"127.0.0.1","code":"ECONNREFUSED","errno":-111,"level":"error","message":"✗ Unhandled Promise Rejection: connect ECONNREFUSED 127.0.0.1:5432","port":5432,"stack":"Error: connect ECONNREFUSED 127.0.0.1:5432\n    at /data/data/com.termux/files/home/Connect-Africa/backend/node_modules/pg-pool/index.js:45:11\n    at process.processTicksAndRejections (node:internal/process/task_queues:104:5)\n    at async PostgresOutboxRepository.getPending (/data/data/com.termux/files/home/Connect-Africa/backend/dist/shared/infrastructure/repositories/PostgresOutboxRepository.js:26:26)\n    at async OutboxDispatcher.dispatch (/data/data/com.termux/files/home/Connect-Africa/backend/dist/workers/OutboxDispatcher.js:38:25)\n    at async Timeout._onTimeout (/data/data/com.termux/files/home/Connect-Africa/backend/dist/workers/OutboxDispatcher.js:34:13)","syscall":"connect","timestamp":"2026-09-15T11:47:11.538Z"}
{"level":"info","message":"BullMQ EventBus initialized.","timestamp":"2026-09-15T11:50:09.398Z"}
{"level":"info","message":"BullMQ worker connection ready.","timestamp":"2026-09-15T11:50:10.062Z"}
